Date,Open,High,Low,Close,Adj Close,Volume
2021-01-04,208.0399932861328,209.02999877929688,201.3800048828125,203.00999450683594,179.638427734375,2642400
2021-01-05,202.89999389648438,206.44000244140625,202.86000061035156,205.5,181.8417510986328,2127300
2021-01-06,205.5500030517578,211.61000061035156,205.1300048828125,209.8000030517578,185.646728515625,2512400
2021-01-07,210.61000061035156,213.35000610351562,209.1199951171875,212.72000122070312,188.23056030273438,2023000
2021-01-08,218.0,221.27999877929688,216.99000549316406,218.82000732421875,193.6282958984375,3922900
2021-01-11,220.17999267578125,220.99000549316406,216.9499969482422,217.35000610351562,192.32752990722656,2969500
2021-01-12,217.05999755859375,220.44000244140625,213.86000061035156,218.63999938964844,193.46897888183594,3226000
2021-01-13,217.5800018310547,219.0,215.36000061035156,216.61000061035156,191.67271423339844,1466000
2021-01-14,217.9499969482422,218.1199951171875,215.7100067138672,216.16000366210938,191.27452087402344,1720000
2021-01-15,214.50999450683594,217.52000427246094,213.25,216.60000610351562,191.6638641357422,2325200
2021-01-19,218.2100067138672,218.82000732421875,215.1300048828125,215.27999877929688,190.49581909179688,2841900
2021-01-20,217.08999633789062,218.4600067138672,215.7100067138672,218.17999267578125,193.06195068359375,3239600
2021-01-21,210.0,216.89999389648438,207.88999938964844,207.89999389648438,183.96548461914062,6344000
2021-01-22,207.61000061035156,209.0,203.24000549316406,207.1300048828125,183.2841033935547,4290300
2021-01-25,205.16000366210938,207.14999389648438,201.1199951171875,206.4600067138672,182.6912384033203,4815200
2021-01-26,207.30999755859375,207.30999755859375,199.39999389648438,200.0500030517578,177.0191650390625,3867700
2021-01-27,196.02000427246094,198.8000030517578,193.13999938964844,194.3300018310547,171.95770263671875,3791000
2021-01-28,197.3800048828125,204.97999572753906,195.44000244140625,201.2899932861328,178.11643981933594,3406500
2021-01-29,199.2899932861328,200.8000030517578,196.77000427246094,197.47000122070312,174.73619079589844,3508000
2021-02-01,198.82000732421875,200.7100067138672,198.27000427246094,198.60000610351562,175.7361297607422,2228700
2021-02-02,200.5399932861328,207.1300048828125,200.0399932861328,205.92999267578125,182.2222137451172,3714100
2021-02-03,205.13999938964844,205.9199981689453,203.86000061035156,204.36000061035156,180.8330078125,1731600
2021-02-04,204.77999877929688,206.64999389648438,203.3800048828125,204.4499969482422,180.9126434326172,2552100
2021-02-05,206.5500030517578,207.67999267578125,203.86000061035156,204.1999969482422,180.69139099121094,2097000
2021-02-08,205.3000030517578,205.3000030517578,202.1199951171875,204.1199951171875,180.6206512451172,1995400
2021-02-09,204.44000244140625,205.60000610351562,202.52999877929688,204.64999389648438,181.08963012695312,1526600
2021-02-10,205.92999267578125,206.19000244140625,202.6999969482422,203.5,180.0719757080078,1766800
2021-02-11,205.11000061035156,207.8699951171875,204.35000610351562,207.22999572753906,183.37258911132812,2658000
2021-02-12,206.2100067138672,213.6999969482422,206.2100067138672,213.16000366210938,188.61990356445312,3318300
2021-02-16,213.3699951171875,215.4199981689453,210.4600067138672,213.99000549316406,189.35433959960938,2936300
2021-02-17,213.24000549316406,213.8800048828125,209.80999755859375,211.22999572753906,186.91207885742188,3042700
2021-02-18,209.22000122070312,209.7899932861328,204.16000366210938,207.05999755859375,183.22218322753906,3621400
2021-02-19,208.0399932861328,211.55999755859375,207.89999389648438,209.05999755859375,184.9918975830078,3120800
2021-02-22,207.13999938964844,210.3699951171875,206.67999267578125,206.8300018310547,183.01866149902344,2775900
2021-02-23,207.35000610351562,208.0800018310547,204.67999267578125,206.9600067138672,183.1336669921875,2677500
2021-02-24,206.35000610351562,212.9499969482422,205.47000122070312,211.14999389648438,186.84124755859375,2355200
2021-02-25,209.77999877929688,210.88999938964844,207.89999389648438,208.6699981689453,185.49899291992188,4150200
2021-02-26,210.2100067138672,210.2100067138672,205.85000610351562,205.9600067138672,183.0899200439453,3707900
2021-03-01,208.5800018310547,211.60000610351562,207.77000427246094,209.17999267578125,185.95233154296875,4118200
2021-03-02,209.5500030517578,210.63999938964844,207.3300018310547,209.3000030517578,186.05902099609375,2315500
2021-03-03,209.3300018310547,209.8300018310547,205.99000549316406,206.22999572753906,183.32989501953125,2307400
2021-03-04,205.97999572753906,206.6999969482422,198.58999633789062,201.0800018310547,178.7517852783203,3208800
2021-03-05,203.0,210.14999389648438,200.63999938964844,209.7100067138672,186.4235076904297,3187200
2021-03-08,210.57000732421875,215.67999267578125,210.1699981689453,210.88999938964844,187.47250366210938,3068500
2021-03-09,212.0500030517578,214.97000122070312,211.22999572753906,211.6999969482422,188.1925048828125,2814500
2021-03-10,212.5,215.17999267578125,211.3800048828125,213.1199951171875,189.45480346679688,2764600
2021-03-11,214.82000732421875,216.5399932861328,213.1699981689453,214.52000427246094,190.6993865966797,2573500
2021-03-12,215.86000061035156,217.5,213.9199981689453,214.08999633789062,190.31712341308594,2321100
2021-03-15,214.25,214.88999938964844,209.9600067138672,212.6699981689453,189.0548095703125,2881100
2021-03-16,213.1199951171875,213.1699981689453,208.91000366210938,211.6999969482422,188.1925048828125,2786100
2021-03-17,211.42999267578125,214.22999572753906,209.82000732421875,212.3000030517578,188.7259063720703,2795200
2021-03-18,211.44000244140625,217.7100067138672,211.44000244140625,215.36000061035156,191.44610595703125,2866600
2021-03-19,215.42999267578125,215.52999877929688,209.2100067138672,210.8000030517578,187.3924560546875,7005200
2021-03-22,210.0800018310547,211.0,204.77999877929688,206.27000427246094,183.365478515625,5863500
2021-03-23,207.25999450683594,210.52999877929688,206.5,208.0500030517578,184.9477996826172,3661700
2021-03-24,208.0,215.8000030517578,208.0,212.89999389648438,189.25929260253906,3245100
2021-03-25,212.52999877929688,216.52999877929688,211.82000732421875,216.08999633789062,192.09506225585938,2689300
2021-03-26,217.16000366210938,223.2100067138672,216.75,222.9199981689453,198.16664123535156,3653800
2021-03-29,222.8000030517578,223.9499969482422,220.24000549316406,222.97999572753906,198.21998596191406,2279800
2021-03-30,221.25999450683594,223.4199981689453,220.5399932861328,221.1300048828125,196.57540893554688,2601500
2021-03-31,221.1199951171875,222.57000732421875,219.17999267578125,220.41000366210938,195.93536376953125,3246500
2021-04-01,220.8800048828125,221.7899932861328,219.02000427246094,220.2100067138672,195.757568359375,2551300
2021-04-05,222.24000549316406,224.6199951171875,222.07000732421875,223.47000122070312,198.6555633544922,1958400
2021-04-06,223.97000122070312,224.08999633789062,220.8000030517578,221.10000610351562,196.54873657226562,1590800
2021-04-07,220.89999389648438,221.94000244140625,219.97000122070312,221.33999633789062,196.76205444335938,1634200
2021-04-08,221.0800018310547,221.5800018310547,220.0800018310547,220.17999267578125,195.7308349609375,1983900
2021-04-09,220.69000244140625,223.36000061035156,220.47000122070312,223.24000549316406,198.45114135742188,2383700
2021-04-12,222.55999755859375,225.27999877929688,222.50999450683594,223.5500030517578,198.72666931152344,2286500
2021-04-13,222.97999572753906,223.38999938964844,220.1999969482422,221.99000549316406,197.33990478515625,1799100
2021-04-14,222.47999572753906,223.39999389648438,221.5500030517578,222.60000610351562,197.8821563720703,1515300
2021-04-15,223.38999938964844,224.5,222.3699951171875,223.10000610351562,198.3266143798828,2008800
2021-04-16,224.91000366210938,225.77999877929688,222.13999938964844,222.7100067138672,197.97996520996094,2539800
2021-04-19,223.22999572753906,223.50999450683594,221.4499969482422,223.47000122070312,198.6555633544922,1911000
2021-04-20,222.77000427246094,225.33999633789062,220.13999938964844,220.6699981689453,196.16647338867188,2766000
2021-04-21,220.0800018310547,226.2100067138672,219.69000244140625,223.42999267578125,198.6199951171875,3470200
2021-04-22,218.97000122070312,221.11000061035156,216.05999755859375,217.97999572753906,193.775146484375,4831400
2021-04-23,219.52000427246094,223.94000244140625,218.57000732421875,223.5399932861328,198.71780395507812,2975600
2021-04-26,223.97999572753906,226.9600067138672,223.77000427246094,224.58999633789062,199.6511688232422,2767600
2021-04-27,225.6999969482422,226.8000030517578,223.9499969482422,225.72999572753906,200.6645965576172,2239600
2021-04-28,225.67999267578125,228.32000732421875,225.52000427246094,226.19000244140625,201.0735321044922,2172900
2021-04-29,227.58999633789062,227.6199951171875,223.41000366210938,224.47999572753906,199.55340576171875,2239700
2021-04-30,223.64999389648438,224.35000610351562,220.25999450683594,222.08999633789062,197.4287872314453,3674700
2021-05-03,224.00999450683594,225.66000366210938,223.2100067138672,223.74000549316406,198.8955841064453,2771400
2021-05-04,223.1699981689453,225.91000366210938,222.6300048828125,225.6699981689453,200.6112823486328,2781500
2021-05-05,226.39999389648438,226.94000244140625,223.3000030517578,223.55999755859375,198.7355499267578,2649800
2021-05-06,224.47999572753906,227.35000610351562,224.11000061035156,227.2100067138672,201.98025512695312,1852100
2021-05-07,227.72999572753906,229.97000122070312,226.00999450683594,229.47999572753906,203.9981689453125,2073700
2021-05-10,230.1300048828125,231.25999450683594,228.24000549316406,228.44000244140625,203.0736846923828,1827200
2021-05-11,226.80999755859375,227.80999755859375,223.86000061035156,226.61000061035156,201.44686889648438,2085200
2021-05-12,225.52999877929688,226.33999633789062,221.89999389648438,222.0,197.3487548828125,2413100
2021-05-13,222.0,226.67999267578125,222.0,225.17999267578125,200.17564392089844,1915000
2021-05-14,226.75999450683594,229.3699951171875,225.8300018310547,227.86000061035156,202.55807495117188,1631800
2021-05-17,226.7100067138672,227.30999755859375,224.08999633789062,224.75999450683594,199.80233764648438,3062200
2021-05-18,225.0,225.22999572753906,221.97999572753906,222.44000244140625,197.7399139404297,2937200
2021-05-19,220.25999450683594,222.33999633789062,218.02000427246094,222.3000030517578,197.61546325683594,2832300
2021-05-20,222.02000427246094,222.92999267578125,220.22000122070312,221.9499969482422,197.30433654785156,2456000
2021-05-21,223.00999450683594,224.3800048828125,221.22999572753906,221.52000427246094,196.92210388183594,2463200
2021-05-24,222.52000427246094,224.38999938964844,221.91000366210938,223.55999755859375,198.7355499267578,2021400
2021-05-25,224.4499969482422,225.38999938964844,221.77999877929688,221.94000244140625,197.29547119140625,2372400
2021-05-26,224.36000061035156,224.82000732421875,221.8300018310547,223.85000610351562,198.9933624267578,5997100
2021-05-27,223.74000549316406,225.44000244140625,223.1199951171875,223.89999389648438,199.99378967285156,3558900
2021-05-28,225.27999877929688,225.80999755859375,224.35000610351562,224.72999572753906,200.7351837158203,1663800
2021-06-01,226.35000610351562,227.3800048828125,224.94000244140625,225.02999877929688,201.00314331054688,2133100
2021-06-02,224.24000549316406,226.35000610351562,223.69000244140625,224.4499969482422,200.48504638671875,2244600
2021-06-03,223.47000122070312,226.80999755859375,222.8800048828125,224.9499969482422,200.93167114257812,2260400
2021-06-04,226.50999450683594,227.10000610351562,224.52999877929688,226.1699981689453,202.02139282226562,1842500
2021-06-07,226.7100067138672,226.7100067138672,222.82000732421875,222.9499969482422,199.14517211914062,1926800
2021-06-08,222.17999267578125,223.47000122070312,219.63999938964844,221.8300018310547,198.1448211669922,2511500
2021-06-09,221.5800018310547,222.52000427246094,220.30999755859375,221.5,197.85003662109375,2117300
2021-06-10,222.3300018310547,223.1699981689453,219.39999389648438,219.58999633789062,196.14395141601562,3077100
2021-06-11,220.8300018310547,222.2100067138672,220.69000244140625,221.3300018310547,197.6981964111328,2029900
2021-06-14,220.5800018310547,222.75,220.1999969482422,222.6199951171875,198.8504180908203,1764200
2021-06-15,223.47000122070312,223.88999938964844,222.17999267578125,222.83999633789062,199.04696655273438,2030100
2021-06-16,223.5800018310547,223.5800018310547,220.3800048828125,222.05999755859375,198.35023498535156,2903500
2021-06-17,221.9199981689453,222.47999572753906,217.16000366210938,219.07000732421875,195.67950439453125,2962800
2021-06-18,216.35000610351562,217.2899932861328,214.50999450683594,214.80999755859375,191.8743438720703,4791300
2021-06-21,216.02999877929688,218.85000610351562,215.57000732421875,217.50999450683594,194.28604125976562,2962000
2021-06-22,216.72000122070312,219.3699951171875,216.02999877929688,218.99000549316406,195.60804748535156,2311100
2021-06-23,219.83999633789062,221.39999389648438,218.74000549316406,219.11000061035156,195.7152099609375,2625800
2021-06-24,219.5500030517578,219.85000610351562,216.97999572753906,218.47000122070312,195.1435546875,3485900
2021-06-25,219.0,221.5,218.2899932861328,221.27000427246094,197.6446075439453,4337900
2021-06-28,221.25,221.52000427246094,218.1199951171875,219.1300048828125,195.73306274414062,2133400
2021-06-29,219.88999938964844,220.3800048828125,217.9499969482422,218.64999389648438,195.30429077148438,2203300
2021-06-30,218.5399932861328,220.72999572753906,217.77000427246094,219.92999267578125,196.44764709472656,2828400
2021-07-01,221.52000427246094,223.6699981689453,221.30999755859375,223.5500030517578,199.68113708496094,2363900
2021-07-02,224.10000610351562,225.92999267578125,223.4199981689453,224.72000122070312,200.72622680664062,1706600
2021-07-06,225.22999572753906,225.5,221.30999755859375,223.80999755859375,199.91342163085938,2263600
2021-07-07,222.82000732421875,228.74000549316406,222.50999450683594,228.35000610351562,203.96865844726562,2610100
2021-07-08,222.10000610351562,223.22000122070312,217.41000366210938,218.33999633789062,195.02743530273438,5669000
2021-07-09,220.0,222.64999389648438,219.72999572753906,221.69000244140625,198.01976013183594,4229900
2021-07-12,221.0,222.1300048828125,219.66000366210938,221.22000122070312,197.59994506835938,3412700
2021-07-13,220.8699951171875,221.39999389648438,219.0,219.17999267578125,195.77774047851562,3465700
2021-07-14,219.9199981689453,221.41000366210938,219.25,220.0500030517578,196.55484008789062,4597300
2021-07-15,218.83999633789062,220.8800048828125,217.91000366210938,219.94000244140625,196.4566192626953,2070200
2021-07-16,219.88999938964844,220.82000732421875,217.80999755859375,218.4199981689453,195.09890747070312,2958100
2021-07-19,215.16000366210938,215.88999938964844,212.94000244140625,214.33999633789062,191.45449829101562,3682600
2021-07-20,213.99000549316406,217.63999938964844,213.99000549316406,215.47999572753906,192.47279357910156,3066400
2021-07-21,216.4499969482422,219.22000122070312,216.22000122070312,217.19000244140625,194.0001983642578,2320000
2021-07-22,223.17999267578125,224.5,219.0500030517578,219.5399932861328,196.09930419921875,4194900
2021-07-23,220.5,221.64999389648438,219.47000122070312,220.14999389648438,196.6441650390625,3946800
2021-07-26,219.92999267578125,222.0,218.61000061035156,220.19000244140625,196.67991638183594,2840900
2021-07-27,219.25,220.39999389648438,217.19000244140625,218.02999877929688,194.75051879882812,3199000
2021-07-28,218.8000030517578,219.0800018310547,215.5399932861328,216.55999755859375,193.43746948242188,2366200
2021-07-29,218.1999969482422,219.6300048828125,217.24000549316406,217.32000732421875,194.11631774902344,1908000
2021-07-30,216.72999572753906,219.60000610351562,216.72999572753906,218.75999450683594,195.4025421142578,2324100
2021-08-02,220.49000549316406,220.9499969482422,217.3800048828125,217.52000427246094,194.2949981689453,1990900
2021-08-03,217.91000366210938,220.72999572753906,217.13999938964844,220.05999755859375,196.56381225585938,2278400
2021-08-04,219.44000244140625,219.6199951171875,217.19000244140625,217.6199951171875,194.38429260253906,2396900
2021-08-05,218.38999938964844,219.58999633789062,217.5800018310547,219.16000366210938,195.75987243652344,2051800
2021-08-06,219.88999938964844,221.6999969482422,219.6199951171875,220.5,196.95677185058594,2480700
2021-08-09,219.8800048828125,220.5800018310547,219.44000244140625,219.9499969482422,196.46551513671875,1990000
2021-08-10,220.6199951171875,222.92999267578125,219.4600067138672,221.7100067138672,198.03762817382812,2061300
2021-08-11,222.3699951171875,226.5800018310547,221.86000061035156,226.38999938964844,202.21792602539062,3076400
2021-08-12,225.2899932861328,227.8699951171875,225.08999633789062,227.66000366210938,203.35232543945312,2015900
2021-08-13,228.08999633789062,228.57000732421875,226.60000610351562,227.8000030517578,203.4773406982422,1794100
2021-08-16,227.4499969482422,228.07000732421875,225.02999877929688,227.49000549316406,203.2005157470703,1803200
2021-08-17,226.75,226.85000610351562,223.1300048828125,225.86000061035156,201.7445526123047,2265100
2021-08-18,224.44000244140625,228.27999877929688,224.19000244140625,224.82000732421875,200.8155517578125,2277500
2021-08-19,223.10000610351562,225.50999450683594,222.39999389648438,223.77000427246094,199.87770080566406,2110400
2021-08-20,223.9499969482422,224.77000427246094,223.1300048828125,223.7100067138672,199.8240966796875,1608900
2021-08-23,224.3699951171875,226.0800018310547,223.50999450683594,223.77999877929688,199.88661193847656,1873200
2021-08-24,223.85000610351562,224.33999633789062,221.11000061035156,221.25,197.62672424316406,2390700
2021-08-25,221.5800018310547,222.02999877929688,220.4499969482422,221.2899932861328,197.6624755859375,1744000
2021-08-26,221.32000732421875,222.17999267578125,219.5399932861328,220.97999572753906,197.38552856445312,3064500
2021-08-27,221.32000732421875,222.58999633789062,221.16000366210938,221.42999267578125,197.7875213623047,1944800
2021-08-30,220.24000549316406,220.6199951171875,218.74000549316406,219.0800018310547,196.63861083984375,3485300
2021-08-31,219.58999633789062,219.85000610351562,215.5399932861328,216.83999633789062,194.62806701660156,5434800
2021-09-01,216.0399932861328,218.55999755859375,214.8000030517578,216.92999267578125,194.70880126953125,4309800
2021-09-02,217.3300018310547,219.10000610351562,216.86000061035156,217.52999877929688,195.24740600585938,2659400
2021-09-03,217.0,217.35000610351562,214.44000244140625,214.91000366210938,192.89576721191406,4355200
2021-09-07,214.6999969482422,216.75,212.6999969482422,213.0,191.18141174316406,3840100
2021-09-08,213.30999755859375,215.92999267578125,212.27000427246094,215.25,193.20095825195312,3319700
2021-09-09,214.75,215.19000244140625,209.0500030517578,210.0500030517578,188.53363037109375,3887600
2021-09-10,211.0,211.92999267578125,207.60000610351562,207.75999450683594,186.47821044921875,2981900
2021-09-13,209.0500030517578,209.5500030517578,205.22000122070312,206.75,185.57162475585938,3209600
2021-09-14,207.5,207.5,202.61000061035156,203.41000366210938,182.57376098632812,4362800
2021-09-15,203.42999267578125,204.64999389648438,202.61000061035156,204.25,183.3277130126953,5225600
2021-09-16,205.0,205.91000366210938,203.11000061035156,203.44000244140625,182.6007080078125,3481900
2021-09-17,202.8699951171875,204.57000732421875,200.83999633789062,201.47000122070312,180.83250427246094,7702800
2021-09-20,198.86000061035156,199.9199981689453,195.67999267578125,197.8699951171875,177.60125732421875,4370600
2021-09-21,199.1199951171875,199.5800018310547,196.1699981689453,196.61000061035156,176.47032165527344,3730300
2021-09-22,198.39999389648438,200.1699981689453,197.69000244140625,198.07000732421875,177.78079223632812,2907200
2021-09-23,199.3000030517578,203.30999755859375,199.17999267578125,201.72000122070312,181.05691528320312,3553500
2021-09-24,201.16000366210938,204.8699951171875,201.10000610351562,203.8000030517578,182.92381286621094,2908500
2021-09-27,203.58999633789062,206.49000549316406,203.5500030517578,203.9600067138672,183.06744384765625,2449600
2021-09-28,201.5500030517578,202.75999450683594,199.7100067138672,201.1199951171875,180.5183563232422,3792800
2021-09-29,201.3000030517578,202.6300048828125,200.92999267578125,201.67999267578125,181.02098083496094,3448800
2021-09-30,202.25,202.30999755859375,195.92999267578125,196.00999450683594,175.93177795410156,4098900
2021-10-01,197.7899932861328,202.9199981689453,197.2899932861328,201.74000549316406,181.07485961914062,3468600
2021-10-04,203.9499969482422,206.6199951171875,203.60000610351562,205.50999450683594,184.45867919921875,5531900
2021-10-05,205.1300048828125,211.97000122070312,205.1300048828125,209.97000122070312,188.46180725097656,4177300
2021-10-06,207.83999633789062,212.9499969482422,206.5500030517578,212.44000244140625,190.67880249023438,3074400
2021-10-07,214.5500030517578,215.4499969482422,211.3000030517578,211.8800048828125,190.17616271972656,2655200
2021-10-08,215.1699981689453,216.72000122070312,214.47000122070312,216.47999572753906,194.3049774169922,3352100
2021-10-11,216.86000061035156,218.07000732421875,214.8699951171875,214.91000366210938,192.89576721191406,2312000
2021-10-12,214.64999389648438,215.36000061035156,213.0,213.41000366210938,191.54940795898438,1975500
2021-10-13,213.75999450683594,216.5800018310547,213.25,215.85000610351562,193.73948669433594,2206100
2021-10-14,217.77999877929688,221.58999633789062,217.50999450683594,221.33999633789062,198.66714477539062,2559400
2021-10-15,222.94000244140625,225.6999969482422,221.94000244140625,225.16000366210938,202.09580993652344,2747400
2021-10-18,224.0,226.5500030517578,222.89999389648438,225.92999267578125,202.78692626953125,2287000
2021-10-19,227.3000030517578,227.49000549316406,224.8699951171875,225.75999450683594,202.63438415527344,1933300
2021-10-20,226.14999389648438,228.41000366210938,224.22000122070312,228.00999450683594,204.6538543701172,3454200
2021-10-21,229.5,232.08999633789062,226.94000244140625,231.27999877929688,207.58889770507812,3361500
2021-10-22,233.10000610351562,239.64999389648438,232.4600067138672,237.58999633789062,213.25254821777344,3809000
2021-10-25,238.3000030517578,241.17999267578125,237.17999267578125,240.27999877929688,215.6669921875,3158000
2021-10-26,241.91000366210938,243.91000366210938,239.77000427246094,240.72000122070312,216.0618896484375,2409700
2021-10-27,240.55999755859375,243.27000427246094,239.32000732421875,239.3800048828125,214.8592071533203,2886300
2021-10-28,240.35000610351562,242.44000244140625,240.10000610351562,242.3000030517578,217.48007202148438,1998200
2021-10-29,240.4199981689453,242.88999938964844,239.39999389648438,241.39999389648438,216.6722869873047,2387000
2021-11-01,242.16000366210938,242.27000427246094,237.64999389648438,239.4600067138672,214.93101501464844,2547300
2021-11-02,240.27999877929688,242.44000244140625,238.74000549316406,240.44000244140625,215.81060791015625,1933200
2021-11-03,239.82000732421875,240.8000030517578,237.0399932861328,239.4600067138672,214.93101501464844,2535600
2021-11-04,239.75999450683594,239.88999938964844,236.0,237.1999969482422,212.9024658203125,3007800
2021-11-05,239.0,240.27999877929688,237.9499969482422,238.8300018310547,214.36553955078125,2313900
2021-11-08,240.0,240.0,237.58999633789062,239.4499969482422,214.9220428466797,1612900
2021-11-09,239.02000427246094,241.10000610351562,238.36000061035156,241.0,216.31326293945312,1778800
2021-11-10,241.6300048828125,242.5,240.47000122070312,241.5399932861328,216.79795837402344,1613800
2021-11-11,241.0,241.1300048828125,239.00999450683594,240.55999755859375,215.9182891845703,1443600
2021-11-12,241.00999450683594,244.0399932861328,239.86000061035156,242.44000244140625,217.6057586669922,1803800
2021-11-15,242.52000427246094,243.02999877929688,240.8699951171875,241.4600067138672,216.72616577148438,1633800
2021-11-16,242.00999450683594,244.33999633789062,240.97999572753906,241.47999572753906,216.7440643310547,1986100
2021-11-17,241.36000061035156,241.9600067138672,238.67999267578125,239.75,215.19131469726562,3023200
2021-11-18,239.5399932861328,241.52999877929688,238.02999877929688,240.24000549316406,215.63108825683594,2754200
2021-11-19,241.19000244140625,243.0,238.22999572753906,241.30999755859375,216.5915069580078,2589000
2021-11-22,241.6999969482422,247.1199951171875,240.82000732421875,243.91000366210938,218.92515563964844,2381400
2021-11-23,243.3800048828125,247.75999450683594,242.77000427246094,247.3699951171875,222.03074645996094,3004500
2021-11-24,246.6300048828125,247.14999389648438,245.22000122070312,246.60000610351562,221.33963012695312,2145700
2021-11-26,240.3800048828125,241.67999267578125,237.66000366210938,239.7899932861328,215.2271728515625,2566700
2021-11-29,241.5,243.00999450683594,239.33999633789062,239.4600067138672,214.93101501464844,3749000
2021-11-30,237.83999633789062,239.42999267578125,235.3000030517578,235.63999938964844,211.50228881835938,4488300
2021-12-01,237.6300048828125,239.7100067138672,233.2100067138672,233.25,209.3571319580078,3934700
2021-12-02,235.32000732421875,241.44000244140625,234.08999633789062,240.0800018310547,215.48748779296875,3783200
2021-12-03,241.1699981689453,243.02999877929688,238.0500030517578,240.42999267578125,215.80162048339844,2961100
2021-12-06,243.30999755859375,247.60000610351562,241.77000427246094,246.05999755859375,220.8549346923828,2623700
2021-12-07,247.25999450683594,249.94000244140625,246.80999755859375,247.47000122070312,222.12049865722656,2270700
2021-12-08,247.3000030517578,248.67999267578125,245.1999969482422,247.60000610351562,222.2371826171875,1814500
2021-12-09,247.05999755859375,249.38999938964844,246.05999755859375,247.25,221.9230194091797,1983000
2021-12-10,248.63999938964844,249.6999969482422,247.07000732421875,248.4600067138672,223.0090789794922,1937800
2021-12-13,247.57000732421875,248.47000122070312,244.38999938964844,245.74000549316406,220.5677032470703,2548300
2021-12-14,245.50999450683594,247.0,243.27999877929688,244.61000061035156,219.553466796875,2682200
2021-12-15,246.0800018310547,247.36000061035156,244.00999450683594,247.1199951171875,221.80638122558594,2517600
2021-12-16,247.91000366210938,249.89999389648438,246.2899932861328,248.35000610351562,222.91036987304688,2297200
2021-12-17,246.58999633789062,247.32000732421875,242.22999572753906,242.69000244140625,218.8700714111328,4937100
2021-12-20,239.97999572753906,240.89999389648438,238.07000732421875,240.63999938964844,217.02127075195312,2769900
2021-12-21,242.6999969482422,244.38999938964844,240.77000427246094,242.22000122070312,218.44618225097656,2746200
2021-12-22,242.0,243.61000061035156,241.08999633789062,242.88999938964844,219.05043029785156,1623000
2021-12-23,243.27000427246094,246.80999755859375,243.14999389648438,245.63999938964844,221.53054809570312,1655700
2021-12-27,246.2100067138672,248.25,245.4199981689453,247.9499969482422,223.61380004882812,1176500
2021-12-28,247.86000061035156,250.3300018310547,247.33999633789062,249.22999572753906,224.7681884765625,1119700
2021-12-29,250.00999450683594,251.77000427246094,249.44000244140625,251.02999877929688,226.39151000976562,1106200
2021-12-30,251.27000427246094,251.66000366210938,248.5800018310547,249.5399932861328,225.04776000976562,1163300
2021-12-31,249.5399932861328,253.3300018310547,249.13999938964844,251.92999267578125,227.2031707763672,1516700
2022-01-03,253.25,253.5,246.5,247.77000427246094,223.45147705078125,2450200
2022-01-04,250.0,254.39999389648438,249.36000061035156,252.02999877929688,227.29335021972656,2647500
2022-01-05,252.85000610351562,254.7100067138672,251.66000366210938,252.7899932861328,227.97879028320312,3651300
2022-01-06,254.0,254.6999969482422,251.8800048828125,253.49000549316406,228.61007690429688,2342300
2022-01-07,252.7899932861328,256.1099853515625,251.57000732421875,254.77999877929688,229.7734375,2346800
2022-01-10,254.52999877929688,254.52999877929688,248.39999389648438,250.27999877929688,225.71510314941406,3341400
2022-01-11,250.75,251.19000244140625,245.07000732421875,246.4199981689453,222.23394775390625,3087200
2022-01-12,247.61000061035156,248.9600067138672,246.0399932861328,247.0,222.7570343017578,2480800
2022-01-13,247.5,248.77000427246094,246.69000244140625,247.6199951171875,223.31619262695312,2615100
2022-01-14,245.27000427246094,248.22999572753906,244.52999877929688,246.27000427246094,222.0986785888672,2525500
2022-01-18,244.8000030517578,245.5399932861328,236.8000030517578,238.0399932861328,214.67645263671875,5752100
2022-01-19,240.0,241.6999969482422,237.02999877929688,239.49000549316406,215.9841766357422,4910900
2022-01-20,237.22000122070312,245.66000366210938,237.0,242.07000732421875,218.31094360351562,4256100
2022-01-21,244.66000366210938,250.52999877929688,242.24000549316406,246.3300018310547,222.15281677246094,4932400
2022-01-24,242.9199981689453,245.9199981689453,239.1300048828125,245.10000610351562,221.04351806640625,5093200
2022-01-25,242.63999938964844,245.6699981689453,239.19000244140625,244.1199951171875,220.15969848632812,3325400
2022-01-26,246.58999633789062,250.14999389648438,242.36000061035156,244.8800048828125,220.84510803222656,3529100
2022-01-27,247.3300018310547,248.6699981689453,242.72000122070312,244.58999633789062,220.58360290527344,3045500
2022-01-28,245.0,246.0800018310547,239.60000610351562,245.92999267578125,221.79205322265625,2659900
2022-01-31,245.0,245.38999938964844,242.80999755859375,244.5500030517578,220.54750061035156,3522000
2022-02-01,244.80999755859375,248.3800048828125,243.82000732421875,246.7100067138672,222.4955291748047,2438500
2022-02-02,246.02999877929688,251.8000030517578,246.02999877929688,251.25999450683594,226.5989227294922,2640200
2022-02-03,250.3000030517578,251.69000244140625,243.5399932861328,244.35000610351562,220.36715698242188,3666700
2022-02-04,244.63999938964844,246.08999633789062,241.16000366210938,242.38999938964844,218.59950256347656,3603500
2022-02-07,244.16000366210938,244.97999572753906,240.14999389648438,241.14999389648438,217.48126220703125,3067400
2022-02-08,243.1999969482422,245.1699981689453,242.0500030517578,242.9499969482422,219.1045684814453,3027700
2022-02-09,245.1699981689453,246.6199951171875,243.72000122070312,246.49000549316406,222.29713439941406,3135200
2022-02-10,243.5500030517578,246.10000610351562,240.94000244140625,242.1199951171875,218.3560028076172,2034800
2022-02-11,241.33999633789062,244.49000549316406,237.7100067138672,238.80999755859375,215.3708953857422,2379100
2022-02-14,240.1300048828125,243.75,238.3800048828125,242.5500030517578,218.74383544921875,2429400
2022-02-15,245.0,249.97999572753906,244.47999572753906,249.32000732421875,224.84933471679688,3248500
2022-02-16,248.4499969482422,254.85000610351562,248.4499969482422,253.80999755859375,228.89865112304688,3493100
2022-02-17,252.30999755859375,253.3000030517578,249.55999755859375,250.99000549316406,226.35545349121094,2697500
2022-02-18,251.4600067138672,254.47999572753906,250.3300018310547,251.19000244140625,226.5358123779297,3319300
2022-02-22,251.0,252.27999877929688,245.27000427246094,246.27000427246094,222.0986785888672,4360300
2022-02-23,248.0399932861328,251.58999633789062,244.30999755859375,244.82000732421875,220.79104614257812,3346900
2022-02-24,240.41000366210938,242.8000030517578,236.80999755859375,242.08999633789062,218.32894897460938,3944100
2022-02-25,242.25999450683594,248.35000610351562,241.55999755859375,246.41000366210938,223.3134307861328,2548100
2022-02-28,240.52999877929688,246.49000549316406,239.63999938964844,245.9499969482422,222.8965301513672,3358100
2022-03-01,244.86000061035156,246.5500030517578,240.97999572753906,242.42999267578125,219.7064666748047,3327000
2022-03-02,243.22000122070312,253.3800048828125,242.9499969482422,252.3699951171875,228.71478271484375,3528900
2022-03-03,253.92999267578125,263.5899963378906,253.3300018310547,255.4600067138672,231.51515197753906,7218000
2022-03-04,254.67999267578125,264.7900085449219,253.6300048828125,264.6300048828125,239.82565307617188,5924800
2022-03-07,264.0,270.1400146484375,261.2799987792969,261.4599914550781,236.95274353027344,5794000
2022-03-08,261.5,263.25,253.10000610351562,253.47000122070312,229.711669921875,6229800
2022-03-09,257.3500061035156,259.3500061035156,251.5399932861328,253.6699981689453,229.89292907714844,6204400
2022-03-10,252.0,259.9100036621094,249.55999755859375,259.6499938964844,235.3124237060547,4501100
2022-03-11,259.010009765625,263.3999938964844,259.010009765625,261.5199890136719,237.00711059570312,3873800
2022-03-14,263.3599853515625,263.8699951171875,255.64999389648438,257.6600036621094,233.50894165039062,3839200
2022-03-15,261.54998779296875,262.2900085449219,256.79998779296875,260.1300048828125,235.74746704101562,2913800
2022-03-16,262.1000061035156,264.92999267578125,260.260009765625,264.1499938964844,239.39065551757812,3958600
2022-03-17,260.9200134277344,264.4200134277344,258.44000244140625,263.55999755859375,238.85594177246094,3761500
2022-03-18,264.0,264.1600036621094,259.6499938964844,261.32000732421875,236.8258819580078,6342900
2022-03-21,260.8500061035156,265.44000244140625,260.239990234375,264.510009765625,239.71690368652344,5158400
2022-03-22,266.0,267.20001220703125,263.7900085449219,265.8599853515625,240.9403076171875,3704700
2022-03-23,265.05999755859375,269.7699890136719,264.5199890136719,267.67999267578125,242.58973693847656,2877100
2022-03-24,269.0,272.7699890136719,268.2699890136719,270.2099914550781,244.88255310058594,3400200
2022-03-25,271.3699951171875,273.5799865722656,270.2900085449219,273.3800048828125,247.75550842285156,2814300
2022-03-28,272.7200012207031,275.3999938964844,271.6499938964844,275.3399963378906,249.53175354003906,2548400
2022-03-29,275.20001220703125,276.82000732421875,269.3800048828125,273.6099853515625,247.96395874023438,2759500
2022-03-30,274.1300048828125,276.8699951171875,273.8599853515625,276.69000244140625,250.75523376464844,2770400
2022-03-31,275.57000732421875,278.94000244140625,273.2099914550781,273.2099914550781,247.6014404296875,3793000
2022-04-01,274.20001220703125,274.44000244140625,257.0,259.9599914550781,235.59335327148438,6367000
2022-04-04,259.760009765625,260.69000244140625,253.33999633789062,257.739990234375,233.58143615722656,4633400
2022-04-05,256.3599853515625,259.4800109863281,251.67999267578125,252.11000061035156,228.4791717529297,5042600
2022-04-06,249.92999267578125,250.49000549316406,240.36000061035156,242.92999267578125,220.15960693359375,6794200
2022-04-07,243.61000061035156,245.99000549316406,240.02000427246094,244.86000061035156,221.9087371826172,4793100
2022-04-08,241.22000122070312,245.36000061035156,239.67999267578125,241.97999572753906,219.29867553710938,3530700
2022-04-11,240.91000366210938,244.2899932861328,239.57000732421875,243.11000061035156,220.32275390625,2912100
2022-04-12,243.60000610351562,248.14999389648438,242.49000549316406,245.05999755859375,222.08999633789062,3097700
2022-04-13,244.75999450683594,246.30999755859375,242.66000366210938,244.6300048828125,221.7002716064453,3062000
2022-04-14,246.39999389648438,247.89999389648438,244.52999877929688,246.2100067138672,223.13218688964844,3180200
2022-04-18,245.0,246.8300018310547,240.22000122070312,242.1199951171875,219.425537109375,3173200
2022-04-19,244.77000427246094,246.08999633789062,243.6199951171875,245.6199951171875,222.59747314453125,2269000
2022-04-20,246.08999633789062,249.24000549316406,246.08999633789062,247.07000732421875,223.91159057617188,2937700
2022-04-21,245.47000122070312,250.52000427246094,242.5399932861328,244.39999389648438,221.49183654785156,4179600
2022-04-22,242.25999450683594,242.66000366210938,233.83999633789062,234.3000030517578,212.33853149414062,5105300
2022-04-25,233.8300018310547,236.9600067138672,230.05999755859375,236.4199981689453,214.25979614257812,4129900
2022-04-26,235.60000610351562,237.86000061035156,233.42999267578125,233.58999633789062,211.69508361816406,2316200
2022-04-27,232.5399932861328,238.02999877929688,232.2899932861328,236.7899932861328,214.59512329101562,3489800
2022-04-28,236.7899932861328,239.8800048828125,236.42999267578125,239.25,216.82455444335938,4531800
2022-04-29,238.10000610351562,239.8800048828125,233.83999633789062,234.2899932861328,212.32945251464844,4407100
2022-05-02,235.47999572753906,236.33999633789062,228.6199951171875,232.8699951171875,211.0425567626953,3665800
2022-05-03,232.99000549316406,233.4499969482422,229.61000061035156,232.10000610351562,210.34475708007812,2285000
2022-05-04,233.27000427246094,237.63999938964844,231.41000366210938,237.08999633789062,214.86703491210938,2598400
2022-05-05,235.44000244140625,236.33999633789062,229.55999755859375,231.47999572753906,209.78285217285156,3005500
2022-05-06,230.52999877929688,230.58999633789062,225.77000427246094,229.58999633789062,208.0700225830078,2774900
2022-05-09,227.0,227.75999450683594,224.4199981689453,225.25,204.13682556152344,3288900
2022-05-10,227.99000549316406,228.22999572753906,218.27999877929688,222.60000610351562,201.73521423339844,3845200
2022-05-11,222.86000061035156,228.1199951171875,222.4600067138672,223.8800048828125,202.8952178955078,2457500
2022-05-12,223.38999938964844,227.97999572753906,221.86000061035156,225.92999267578125,204.7530517578125,3230900
2022-05-13,226.8699951171875,232.35000610351562,226.7100067138672,230.75999450683594,209.13034057617188,3263800
2022-05-16,230.11000061035156,231.42999267578125,227.32000732421875,227.88999938964844,206.52932739257812,3091900
2022-05-17,231.47000122070312,233.08999633789062,229.2899932861328,232.19000244140625,210.42633056640625,2916400
2022-05-18,232.32000732421875,232.35000610351562,224.0800018310547,224.99000549316406,203.9011688232422,2620700
2022-05-19,219.42999267578125,220.3000030517578,212.72000122070312,216.5,196.20697021484375,5428100
2022-05-20,216.0,217.4499969482422,210.24000549316406,213.5800018310547,193.56065368652344,3796000
2022-05-23,215.49000549316406,217.10000610351562,214.3300018310547,216.88999938964844,196.56040954589844,3079300
2022-05-24,215.75,217.61000061035156,213.27000427246094,217.08999633789062,196.74166870117188,2159700
2022-05-25,217.67999267578125,219.5500030517578,215.64999389648438,217.4199981689453,197.0406951904297,2006700
2022-05-26,218.22999572753906,222.5800018310547,218.22999572753906,221.2899932861328,200.54800415039062,2045300
2022-05-27,221.66000366210938,224.25,220.8300018310547,222.5,202.83616638183594,1537400
2022-05-31,221.72999572753906,221.77999877929688,219.27000427246094,219.77999877929688,200.35653686523438,4405400
2022-06-01,221.1699981689453,222.58999633789062,219.9199981689453,221.32000732421875,201.76046752929688,2796200
2022-06-02,222.9199981689453,225.88999938964844,220.61000061035156,225.38999938964844,205.47073364257812,2091900
2022-06-03,223.80999755859375,225.32000732421875,221.8800048828125,224.0,204.20362854003906,1964400
2022-06-06,225.33999633789062,226.35000610351562,224.11000061035156,225.1699981689453,205.27015686035156,2151300
2022-06-07,218.9199981689453,229.05999755859375,217.1999969482422,228.75,208.53378295898438,3772300
2022-06-08,225.5800018310547,225.85000610351562,220.0,221.67999267578125,202.088623046875,2409300
2022-06-09,220.57000732421875,222.3800048828125,216.67999267578125,216.7899932861328,197.63079833984375,2198300
2022-06-10,213.8300018310547,215.16000366210938,210.00999450683594,211.1199951171875,192.4619140625,2752200
2022-06-13,207.5,209.6999969482422,204.2100067138672,208.07000732421875,189.68145751953125,3374500
2022-06-14,209.5399932861328,212.25999450683594,207.5800018310547,208.49000549316406,190.0643310546875,2631600
2022-06-15,211.14999389648438,213.00999450683594,207.0500030517578,209.83999633789062,191.2949981689453,2236000
2022-06-16,205.74000549316406,209.5800018310547,205.32000732421875,208.19000244140625,189.79086303710938,3124500
2022-06-17,208.14999389648438,209.24000549316406,205.69000244140625,206.4499969482422,188.20462036132812,6079700
2022-06-21,210.0500030517578,211.47999572753906,208.08999633789062,209.47000122070312,190.9577178955078,2956000
2022-06-22,207.0,211.22000122070312,206.50999450683594,208.99000549316406,190.52015686035156,2098400
2022-06-23,209.72000122070312,211.35000610351562,207.47999572753906,209.75,191.2129669189453,2504700
2022-06-24,210.05999755859375,217.85000610351562,210.05999755859375,215.77999877929688,196.71005249023438,5516500
2022-06-27,216.82000732421875,216.82000732421875,212.42999267578125,213.85000610351562,194.9506378173828,1827600
2022-06-28,216.1300048828125,218.85000610351562,213.14999389648438,213.36000061035156,194.50393676757812,2156400
2022-06-29,214.02999877929688,214.02999877929688,210.4600067138672,213.14999389648438,194.31246948242188,2179000
2022-06-30,210.0,213.4199981689453,209.02000427246094,213.27999877929688,194.43101501464844,2314100
2022-07-01,212.5,216.2100067138672,211.3000030517578,215.25999450683594,196.23599243164062,1765900
2022-07-05,213.19000244140625,213.2100067138672,207.6699981689453,210.1699981689453,191.5958709716797,2236000
2022-07-06,209.5,212.5800018310547,207.17999267578125,209.72000122070312,191.18563842773438,2655800
2022-07-07,210.02999877929688,213.22000122070312,208.77999877929688,212.6300048828125,193.8384246826172,2007200
2022-07-08,212.05999755859375,213.0800018310547,205.64999389648438,209.6999969482422,191.16738891601562,1850900
2022-07-11,208.80999755859375,211.1199951171875,208.24000549316406,209.8699951171875,191.32235717773438,1818500
2022-07-12,206.47999572753906,208.6699981689453,205.10000610351562,206.5,188.25021362304688,2653900
2022-07-13,204.99000549316406,208.61000061035156,204.2899932861328,206.7100067138672,188.44163513183594,1902500
2022-07-14,203.5,205.97000122070312,202.3800048828125,205.52000427246094,187.3568115234375,2306600
2022-07-15,209.14999389648438,210.85000610351562,207.86000061035156,209.1300048828125,190.64773559570312,3997500
2022-07-18,210.4199981689453,212.77999877929688,209.5500030517578,210.22000122070312,191.64141845703125,1990100
2022-07-19,212.11000061035156,217.27999877929688,211.61000061035156,216.89999389648438,197.7310791015625,2387700
2022-07-20,216.89999389648438,217.85000610351562,214.08999633789062,214.4499969482422,195.4976043701172,3152100
2022-07-21,212.5,214.36000061035156,209.80999755859375,211.89999389648438,193.17294311523438,4130900
2022-07-22,212.2100067138672,214.25999450683594,210.8000030517578,213.39999389648438,194.54037475585938,2612600
2022-07-25,213.38999938964844,217.57000732421875,212.60000610351562,217.36000061035156,198.150390625,2534200
2022-07-26,216.36000061035156,217.6300048828125,214.4499969482422,215.97000122070312,196.88328552246094,1927900
2022-07-27,216.39999389648438,221.1999969482422,215.67999267578125,219.88999938964844,200.4568328857422,2041500
2022-07-28,220.36000061035156,224.10000610351562,219.11000061035156,223.74000549316406,203.96656799316406,2337200
2022-07-29,223.4199981689453,228.22999572753906,223.27999877929688,227.3000030517578,207.21197509765625,2337000
2022-08-01,226.08999633789062,227.97999572753906,225.3300018310547,227.0800018310547,207.0113983154297,2245100
2022-08-02,225.63999938964844,225.63999938964844,221.5500030517578,222.5,202.83616638183594,2954300
2022-08-03,223.5399932861328,226.47000122070312,222.8699951171875,225.6300048828125,205.6895751953125,1922300
2022-08-04,225.97999572753906,228.97999572753906,224.42999267578125,227.35000610351562,207.25750732421875,1891900
2022-08-05,226.0,229.0399932861328,226.0,228.6199951171875,208.41526794433594,1482200
2022-08-08,230.0,231.3300018310547,227.7899932861328,227.86000061035156,207.72247314453125,1662500
2022-08-09,228.6699981689453,230.16000366210938,228.22000122070312,228.49000549316406,208.2967987060547,1778700
2022-08-10,232.11000061035156,236.4499969482422,230.91000366210938,235.75999450683594,214.92428588867188,2411500
2022-08-11,237.19000244140625,241.88999938964844,237.0,239.25,218.10586547851562,2746600
2022-08-12,239.99000549316406,241.17999267578125,238.60000610351562,239.9499969482422,218.74400329589844,2186700
2022-08-15,238.60000610351562,238.6999969482422,236.47999572753906,238.1699981689453,217.12130737304688,2070500
2022-08-16,237.75,242.36000061035156,237.75,241.35000610351562,220.02027893066406,2486800
2022-08-17,238.1199951171875,241.4199981689453,237.6699981689453,240.88999938964844,219.6009063720703,1686800
2022-08-18,241.5399932861328,242.27999877929688,240.0500030517578,241.91000366210938,220.53077697753906,1457500
2022-08-19,241.0,241.0,238.2899932861328,238.52000427246094,217.44036865234375,2082500
2022-08-22,235.47999572753906,237.88999938964844,234.75999450683594,237.50999450683594,216.5196533203125,2891100
2022-08-23,237.24000549316406,239.0500030517578,236.38999938964844,237.63999938964844,216.6381072998047,1638900
2022-08-24,237.3300018310547,239.02000427246094,236.85000610351562,238.2899932861328,217.23069763183594,1779700
2022-08-25,238.58999633789062,240.1300048828125,237.17999267578125,239.07000732421875,217.94175720214844,1624100
2022-08-26,238.5399932861328,239.1199951171875,230.9499969482422,231.27000427246094,210.83106994628906,1728800
2022-08-29,229.6199951171875,234.11000061035156,228.83999633789062,232.41000366210938,211.87034606933594,2139900
2022-08-30,230.97000122070312,231.49000549316406,224.52000427246094,225.24000549316406,206.48904418945312,3159400
2022-08-31,226.14999389648438,226.86000061035156,223.9600067138672,224.50999450683594,205.81979370117188,2420700
2022-09-01,223.66000366210938,226.27999877929688,222.8000030517578,226.05999755859375,207.24075317382812,2263200
2022-09-02,228.1199951171875,228.1199951171875,222.92999267578125,223.94000244140625,205.29725646972656,1571800
2022-09-06,223.94000244140625,229.6999969482422,223.5,227.97999572753906,209.0009307861328,2956400
2022-09-07,226.7899932861328,230.00999450683594,226.7899932861328,228.7899932861328,209.74346923828125,2858500
2022-09-08,227.74000549316406,230.57000732421875,227.22999572753906,230.33999633789062,211.1644744873047,2181800
2022-09-09,231.11000061035156,233.27999877929688,230.99000549316406,231.8800048828125,212.5762176513672,2016400
2022-09-12,234.38999938964844,235.2899932861328,232.55999755859375,234.16000366210938,214.6664581298828,2635500
2022-09-13,230.14999389648438,231.8800048828125,225.5500030517578,226.2899932861328,207.45159912109375,2378300
2022-09-14,223.3800048828125,223.8800048828125,214.00999450683594,217.9499969482422,199.80587768554688,5915000
2022-09-15,221.33999633789062,224.69000244140625,218.0399932861328,218.36000061035156,200.1818084716797,4148500
2022-09-16,213.86000061035156,214.6999969482422,207.5800018310547,212.0,194.3512420654297,7984100
2022-09-19,210.8699951171875,216.58999633789062,210.52000427246094,216.1999969482422,198.2015838623047,2863800
2022-09-20,213.8699951171875,215.2100067138672,210.6199951171875,213.27000427246094,195.5155029296875,2094100
2022-09-21,214.88999938964844,216.9600067138672,211.75999450683594,211.88999938964844,194.25038146972656,1917600
2022-09-22,211.36000061035156,212.50999450683594,208.83999633789062,209.1699981689453,191.7568359375,2508400
2022-09-23,206.5,207.1300048828125,202.1199951171875,203.97000122070312,186.98968505859375,2585500
2022-09-26,202.94000244140625,203.85000610351562,199.08999633789062,200.86000061035156,184.13861083984375,3708100
2022-09-27,200.85000610351562,202.4199981689453,196.49000549316406,197.25,180.8291473388672,5466100
2022-09-28,198.27000427246094,203.55999755859375,197.4600067138672,201.8300018310547,185.02784729003906,3284900
2022-09-29,200.14999389648438,200.52000427246094,197.3699951171875,199.1999969482422,182.61685180664062,2072400
2022-09-30,198.02000427246094,199.3300018310547,194.72999572753906,194.82000732421875,178.6014404296875,3267600
2022-10-03,197.02000427246094,201.72000122070312,196.0399932861328,200.25999450683594,183.5885467529297,2489900
2022-10-04,202.83999633789062,205.39999389648438,202.1699981689453,205.3800048828125,188.2823486328125,2896500
2022-10-05,202.57000732421875,203.47999572753906,199.47999572753906,200.6199951171875,183.91859436035156,3065800
2022-10-06,200.16000366210938,201.41000366210938,197.8300018310547,198.2100067138672,181.70924377441406,2586800
2022-10-07,196.02000427246094,197.16000366210938,193.61000061035156,195.6199951171875,179.33480834960938,2875700
2022-10-10,197.1300048828125,198.07000732421875,193.7100067138672,194.0500030517578,177.89553833007812,2859500
2022-10-11,192.9199981689453,195.8000030517578,191.64999389648438,192.63999938964844,176.60293579101562,3094700
2022-10-12,192.82000732421875,195.85000610351562,191.9199981689453,192.1199951171875,176.12619018554688,2381300
2022-10-13,188.33999633789062,198.19000244140625,186.88999938964844,196.74000549316406,180.36158752441406,3482900
2022-10-14,198.7899932861328,199.19000244140625,193.4199981689453,193.7899932861328,177.6571807861328,2719400
2022-10-17,196.16000366210938,199.7100067138672,196.10000610351562,198.60000610351562,182.06680297851562,3002200
2022-10-18,202.22999572753906,203.72000122070312,199.00999450683594,201.63999938964844,184.85366821289062,2551300
2022-10-19,199.99000549316406,201.77000427246094,198.72999572753906,200.05999755859375,183.40524291992188,2386900
2022-10-20,192.5500030517578,194.77999877929688,185.8300018310547,186.4499969482422,170.92822265625,6103200
2022-10-21,185.4499969482422,191.17999267578125,183.6999969482422,190.52999877929688,174.66860961914062,6711600
2022-10-24,192.83999633789062,195.0,191.94000244140625,193.49000549316406,177.38217163085938,2994300
2022-10-25,193.5800018310547,195.02999877929688,192.6699981689453,194.61000061035156,178.40890502929688,2770000
2022-10-26,197.1999969482422,198.24000549316406,194.38999938964844,195.77999877929688,179.48150634765625,4134600
2022-10-27,197.25,199.92999267578125,195.5800018310547,196.0399932861328,179.71986389160156,3148200
2022-10-28,196.6199951171875,198.83999633789062,195.1199951171875,198.64999389648438,182.11260986328125,3724100
2022-10-31,198.57000732421875,198.61000061035156,195.0399932861328,197.13999938964844,180.72830200195312,3130300
2022-11-01,197.1999969482422,198.00999450683594,193.57000732421875,196.82000732421875,180.43495178222656,3042400
2022-11-02,196.35000610351562,198.9499969482422,192.16000366210938,192.52999877929688,176.50209045410156,3020000
2022-11-03,190.27999877929688,195.2100067138672,190.22000122070312,193.19000244140625,177.10711669921875,3238800
2022-11-04,195.55999755859375,197.77999877929688,194.17999267578125,196.6999969482422,180.32493591308594,3334000
2022-11-07,198.5,198.5,195.47000122070312,196.3000030517578,179.95823669433594,3757800
2022-11-08,198.14999389648438,205.1199951171875,197.77000427246094,204.00999450683594,187.02639770507812,6285100
2022-11-09,203.50999450683594,204.5399932861328,201.94000244140625,203.41000366210938,186.47634887695312,4682700
2022-11-10,210.8800048828125,213.19000244140625,209.08999633789062,212.99000549316406,195.25881958007812,4923400
2022-11-11,216.11000061035156,219.55999755859375,214.75999450683594,217.5,199.39334106445312,5176500
2022-11-14,216.85000610351562,221.4600067138672,216.2899932861328,216.9499969482422,198.88914489746094,3999000
2022-11-15,217.80999755859375,219.07000732421875,208.74000549316406,210.66000366210938,193.12278747558594,6235200
2022-11-16,211.14999389648438,213.19000244140625,210.47999572753906,212.27000427246094,194.59873962402344,3864600
2022-11-17,210.6300048828125,212.35000610351562,207.00999450683594,209.82000732421875,192.35269165039062,4561400
2022-11-18,211.61000061035156,212.19000244140625,209.3000030517578,210.5800018310547,193.04946899414062,2499500
2022-11-21,209.89999389648438,213.33999633789062,208.1999969482422,212.27000427246094,194.59873962402344,2365400
2022-11-22,213.57000732421875,217.72999572753906,212.82000732421875,213.1999969482422,195.45138549804688,2962500
2022-11-23,212.69000244140625,213.22999572753906,210.57000732421875,212.52000427246094,194.82794189453125,2405000
2022-11-25,213.0,215.4199981689453,212.47999572753906,213.3300018310547,195.57049560546875,1101900
2022-11-28,211.22999572753906,212.42999267578125,207.67999267578125,208.52000427246094,191.1609344482422,2755400
2022-11-29,208.9600067138672,213.24000549316406,208.11000061035156,212.77000427246094,195.05714416503906,2280600
2022-11-30,212.72000122070312,218.9499969482422,210.7100067138672,217.42999267578125,199.32916259765625,5173000
2022-12-01,219.16000366210938,219.16000366210938,214.88999938964844,215.92999267578125,197.9540252685547,2638400
2022-12-02,213.74000549316406,215.83999633789062,213.1999969482422,214.72999572753906,196.85398864746094,1760000
2022-12-05,212.94000244140625,213.5500030517578,210.41000366210938,211.05999755859375,193.48947143554688,2504500
2022-12-06,211.52999877929688,213.22999572753906,208.6999969482422,211.13999938964844,193.56285095214844,3097600
2022-12-07,211.0,214.7899932861328,210.58999633789062,212.22000122070312,194.55291748046875,2828600
2022-12-08,212.72999572753906,214.55999755859375,211.5399932861328,213.02999877929688,195.2954559326172,1585400
2022-12-09,212.39999389648438,213.0500030517578,211.0500030517578,211.35000610351562,193.75537109375,2334400
2022-12-12,212.63999938964844,215.89999389648438,210.77000427246094,215.8300018310547,197.8623809814453,3017500
2022-12-13,220.89999389648438,221.4499969482422,215.85000610351562,218.02000427246094,199.87008666992188,3585000
2022-12-14,219.32000732421875,221.7100067138672,216.36000061035156,217.5800018310547,199.46669006347656,2749800
2022-12-15,214.75999450683594,215.11000061035156,210.75999450683594,212.30999755859375,194.63543701171875,3373200
2022-12-16,208.5500030517578,210.75,206.64999389648438,210.2100067138672,193.89749145507812,5194100
2022-12-19,210.1999969482422,210.41000366210938,204.75,206.38999938964844,190.3739471435547,2355300
2022-12-20,206.4600067138672,207.02000427246094,203.6699981689453,205.41000366210938,189.47000122070312,4081900
2022-12-21,207.4600067138672,209.14999389648438,206.72000122070312,208.4199981689453,192.24642944335938,2756400
2022-12-22,207.02999877929688,208.67999267578125,205.13999938964844,208.66000366210938,192.46780395507812,2399300
2022-12-23,208.1999969482422,210.75,208.1999969482422,209.91000366210938,193.6207733154297,1639500
2022-12-27,210.4600067138672,211.4499969482422,208.85000610351562,210.32000732421875,193.9989776611328,1139700
2022-12-28,210.22999572753906,211.22999572753906,206.77999877929688,206.8699951171875,190.81668090820312,1631200
2022-12-29,208.0399932861328,210.36000061035156,207.13999938964844,209.22000122070312,192.9842987060547,1484800
2022-12-30,207.6699981689453,208.99000549316406,204.67999267578125,207.07000732421875,191.00119018554688,1554200
2023-01-03,207.2899932861328,207.8699951171875,205.1300048828125,207.5800018310547,191.4716033935547,1766300
2023-01-04,208.08999633789062,210.2100067138672,207.57000732421875,209.24000549316406,193.0027618408203,1830900
2023-01-05,207.72999572753906,208.67999267578125,202.75999450683594,203.0800018310547,187.32080078125,2317500
2023-01-06,206.8000030517578,212.5500030517578,206.0,212.00999450683594,195.55783081054688,3375200
2023-01-09,212.19000244140625,215.8800048828125,211.10000610351562,211.4600067138672,195.05050659179688,2259500
2023-01-10,211.3800048828125,212.3800048828125,209.8699951171875,212.27999877929688,195.80685424804688,1225300
2023-01-11,213.24000549316406,214.6699981689453,212.1300048828125,214.25999450683594,197.63320922851562,1840500
2023-01-12,215.30999755859375,216.25,212.07000732421875,214.69000244140625,198.0298614501953,2034600
2023-01-13,212.91000366210938,214.1199951171875,212.16000366210938,213.22999572753906,196.68313598632812,1693500
2023-01-17,214.47000122070312,216.9600067138672,212.4499969482422,214.30999755859375,197.6793212890625,2186200
2023-01-18,214.64999389648438,215.80999755859375,209.1999969482422,209.47999572753906,193.22415161132812,2719400
2023-01-19,207.61000061035156,209.22000122070312,205.49000549316406,205.5,189.55299377441406,3065600
2023-01-20,205.86000061035156,208.72000122070312,203.52999877929688,208.66000366210938,192.46780395507812,5344000
2023-01-23,209.32000732421875,212.97000122070312,208.02000427246094,210.1300048828125,193.82371520996094,3155600
2023-01-24,205.0,207.0,201.0,203.17999267578125,187.41307067871094,4462600
2023-01-25,200.9600067138672,201.69000244140625,197.02999877929688,200.1199951171875,184.59051513671875,4163900
2023-01-26,198.47000122070312,201.60000610351562,194.5,201.47999572753906,185.84495544433594,4207000
2023-01-27,201.64999389648438,203.85000610351562,200.66000366210938,202.38999938964844,186.68435668945312,3429400
2023-01-30,200.85000610351562,203.94000244140625,200.0,200.1999969482422,184.664306640625,2617500
2023-01-31,200.11000061035156,204.2100067138672,199.63999938964844,204.19000244140625,188.34466552734375,2958700
2023-02-01,203.2100067138672,209.10000610351562,202.6199951171875,207.92999267578125,191.79440307617188,3080100
2023-02-02,208.0,214.88999938964844,206.9499969482422,213.41000366210938,196.8491973876953,3446000
2023-02-03,210.57000732421875,212.8800048828125,209.58999633789062,210.2899932861328,193.97129821777344,2142100
2023-02-06,209.02000427246094,210.3800048828125,208.07000732421875,208.9600067138672,192.74447631835938,1665600
2023-02-07,207.0399932861328,210.3800048828125,206.55999755859375,209.0399932861328,192.81829833984375,2067500
2023-02-08,208.3699951171875,209.5800018310547,206.52000427246094,207.13999938964844,191.0657501220703,1805100
2023-02-09,208.13999938964844,208.63999938964844,202.4499969482422,202.80999755859375,187.07176208496094,2989900
2023-02-10,202.22000122070312,206.10000610351562,201.75999450683594,205.5,189.55299377441406,2599900
2023-02-13,204.9199981689453,208.94000244140625,204.52999877929688,206.0500030517578,190.06033325195312,4095400
2023-02-14,205.86000061035156,205.92999267578125,201.60000610351562,204.02999877929688,188.1970977783203,2174600
2023-02-15,201.61000061035156,203.1199951171875,199.4199981689453,203.11000061035156,187.3484649658203,2880000
2023-02-16,199.67999267578125,203.0399932861328,199.4499969482422,200.52000427246094,184.95948791503906,3375000
2023-02-17,198.82000732421875,201.64999389648438,198.55999755859375,201.58999633789062,185.9464111328125,7063800
2023-02-21,199.41000366210938,200.1699981689453,193.67999267578125,193.75,178.71482849121094,4462300
2023-02-22,193.66000366210938,194.49000549316406,190.0800018310547,191.3800048828125,176.5287322998047,5816000
2023-02-23,192.6300048828125,193.66000366210938,190.74000549316406,193.32000732421875,178.31822204589844,3125400
2023-02-24,191.3000030517578,194.58999633789062,190.32000732421875,194.02000427246094,178.9638671875,3371400
2023-02-27,213.92999267578125,214.8000030517578,209.77000427246094,212.1699981689453,197.02554321289062,12140400
2023-02-28,210.52999877929688,211.39999389648438,206.61000061035156,207.27999877929688,192.48460388183594,6091200
2023-03-01,206.08999633789062,210.14999389648438,205.97999572753906,207.99000549316406,193.1439208984375,2775200
2023-03-02,206.64999389648438,212.16000366210938,206.25999450683594,211.36000061035156,196.27334594726562,2812900
2023-03-03,212.00999450683594,212.8800048828125,208.0,209.36000061035156,194.4161376953125,3665800
2023-03-06,209.55999755859375,210.80999755859375,207.83999633789062,208.8300018310547,193.9239501953125,2300400
2023-03-07,207.42999267578125,207.6999969482422,204.64999389648438,205.39999389648438,190.73876953125,3898000
2023-03-08,204.49000549316406,205.14999389648438,201.4600067138672,203.57000732421875,189.03939819335938,2980800
2023-03-09,204.82000732421875,204.82000732421875,199.4199981689453,199.57000732421875,185.32492065429688,3342100
2023-03-10,198.8800048828125,203.08999633789062,195.17999267578125,196.05999755859375,182.0654754638672,3909500
2023-03-13,194.6199951171875,199.14999389648438,193.72999572753906,195.10000610351562,181.17398071289062,2774700
2023-03-14,196.8699951171875,199.6999969482422,192.6300048828125,195.14999389648438,181.22039794921875,3168900
2023-03-15,191.1699981689453,193.07000732421875,189.39999389648438,192.0399932861328,178.33236694335938,5749600
2023-03-16,191.0800018310547,193.60000610351562,189.13999938964844,192.91000366210938,179.1403045654297,6357200
2023-03-17,193.33999633789062,193.33999633789062,187.72999572753906,190.00999450683594,176.4473114013672,11852800
2023-03-20,190.1199951171875,191.85000610351562,188.99000549316406,189.69000244140625,176.150146484375,2956800
2023-03-21,191.41000366210938,192.6999969482422,188.3800048828125,189.5399932861328,176.01083374023438,3338900
2023-03-22,188.55999755859375,190.17999267578125,185.6699981689453,185.72000122070312,172.46351623535156,3325400
2023-03-23,186.00999450683594,187.85000610351562,183.69000244140625,186.1999969482422,172.90924072265625,3854900
2023-03-24,184.13999938964844,188.55999755859375,183.85000610351562,188.50999450683594,175.05438232421875,4263600
2023-03-27,190.6199951171875,193.72000122070312,190.1699981689453,193.22999572753906,179.4374542236328,3666800
2023-03-28,193.22999572753906,197.47000122070312,193.22999572753906,196.5800018310547,182.54832458496094,5635300
2023-03-29,198.47000122070312,199.8699951171875,197.47999572753906,199.08999633789062,184.87921142578125,3152100
2023-03-30,200.36000061035156,201.4499969482422,197.5,198.36000061035156,184.20127868652344,3050700
2023-03-31,198.8699951171875,201.38999938964844,198.64999389648438,201.25999450683594,186.894287109375,3422600
2023-04-03,200.9199981689453,201.92999267578125,197.99000549316406,199.5399932861328,185.2970428466797,1908400
2023-04-04,199.3800048828125,199.72999572753906,195.05999755859375,195.8800048828125,181.89830017089844,3556700
2023-04-05,195.1300048828125,196.3000030517578,194.07000732421875,194.2100067138672,180.34751892089844,2382200
2023-04-06,194.60000610351562,198.69000244140625,194.08999633789062,198.63999938964844,184.4613037109375,3280000
2023-04-10,197.17999267578125,199.3000030517578,197.08999633789062,198.3699951171875,184.2105712890625,2402000
2023-04-11,199.44000244140625,200.05999755859375,198.50999450683594,198.89999389648438,184.7027130126953,3598000
2023-04-12,199.75999450683594,200.69000244140625,198.22999572753906,198.72999572753906,184.54486083984375,2315400
2023-04-13,198.88999938964844,199.6999969482422,196.72999572753906,197.9199981689453,183.79270935058594,2894400
2023-04-14,198.1300048828125,199.63999938964844,197.3699951171875,198.52999877929688,184.3591766357422,1947800
2023-04-17,199.64999389648438,202.67999267578125,198.4499969482422,200.0399932861328,185.76138305664062,2740800
2023-04-18,200.6999969482422,201.97999572753906,199.02999877929688,199.47000122070312,185.23204040527344,2388100
2023-04-19,198.08999633789062,202.2100067138672,198.08999633789062,202.0,187.5814971923828,2619800
2023-04-20,202.38999938964844,207.82000732421875,201.4199981689453,202.60000610351562,188.138671875,2989200
2023-04-21,202.99000549316406,203.72999572753906,198.16000366210938,198.85000610351562,184.65631103515625,6029400
2023-04-24,197.9199981689453,201.6999969482422,197.33999633789062,200.27999877929688,185.98422241210938,2723700
2023-04-25,198.08999633789062,199.5399932861328,194.13999938964844,194.75,180.8489532470703,2594400
2023-04-26,193.5800018310547,194.3699951171875,190.3699951171875,191.5,177.8309783935547,2377500
2023-04-27,191.25,193.77999877929688,190.4499969482422,193.5399932861328,179.72532653808594,2287500
2023-04-28,192.8699951171875,197.1199951171875,192.8699951171875,195.6999969482422,181.7311248779297,1814900
2023-05-01,195.52999877929688,199.8699951171875,195.52999877929688,198.6300048828125,184.45199584960938,2195000
2023-05-02,197.4499969482422,197.9199981689453,192.99000549316406,196.07000732421875,182.07476806640625,2693800
2023-05-03,197.17999267578125,198.07000732421875,195.25999450683594,195.3300018310547,181.3875732421875,2017400
2023-05-04,195.41000366210938,197.39999389648438,194.02999877929688,197.05999755859375,182.9940948486328,1866300
2023-05-05,198.6999969482422,202.5,198.13999938964844,201.22999572753906,186.86643981933594,2065000
2023-05-08,202.49000549316406,202.8300018310547,199.5,199.94000244140625,185.6685028076172,1973000
2023-05-09,198.94000244140625,200.6999969482422,197.8300018310547,200.58999633789062,186.27210998535156,1606700
2023-05-10,202.1199951171875,202.60000610351562,196.91000366210938,199.05999755859375,184.85133361816406,1703500
2023-05-11,198.72999572753906,198.88999938964844,197.0500030517578,198.0800018310547,183.94129943847656,1397200
2023-05-12,199.42999267578125,199.5,197.3699951171875,198.99000549316406,184.7863311767578,1459500
2023-05-15,198.8300018310547,200.07000732421875,197.52000427246094,199.63999938964844,185.38992309570312,1630500
2023-05-16,199.1199951171875,199.2899932861328,196.5,196.8699951171875,182.81765747070312,1893900
2023-05-17,197.0399932861328,200.1199951171875,196.86000061035156,198.83999633789062,184.6470184326172,2273000
2023-05-18,197.97999572753906,199.22999572753906,195.16000366210938,198.80999755859375,184.61915588378906,1947800
2023-05-19,199.10000610351562,200.05999755859375,197.25,198.97000122070312,184.7677459716797,1798800
2023-05-22,201.00999450683594,201.9499969482422,196.0800018310547,198.2899932861328,184.1362762451172,1744000
2023-05-23,198.19000244140625,198.19000244140625,194.86000061035156,196.3800048828125,182.36260986328125,2434100
2023-05-24,195.77000427246094,195.99000549316406,191.30999755859375,191.91000366210938,178.21168518066406,2970800
2023-05-25,191.05999755859375,193.8300018310547,190.7100067138672,193.2100067138672,179.41893005371094,2467500
2023-05-26,193.5800018310547,193.9499969482422,192.08999633789062,193.10000610351562,179.31675720214844,2287400
2023-05-30,192.11000061035156,194.69000244140625,191.22000122070312,194.1999969482422,181.560546875,2453400
2023-05-31,193.07000732421875,193.91000366210938,191.11000061035156,192.52000427246094,179.98989868164062,3569300
2023-06-01,192.4600067138672,196.05999755859375,192.25,195.67999267578125,182.9442138671875,2713800
2023-06-02,197.17999267578125,200.72000122070312,196.8800048828125,198.66000366210938,185.73025512695312,2522700
2023-06-05,198.74000549316406,200.22000122070312,198.1699981689453,198.72999572753906,185.79568481445312,2140600
2023-06-06,197.0399932861328,197.72999572753906,195.16000366210938,196.36000061035156,183.57994079589844,2341900
2023-06-07,196.3000030517578,201.64999389648438,194.1300048828125,201.4600067138672,188.34803771972656,2582800
2023-06-08,201.47000122070312,201.8800048828125,197.52999877929688,200.99000549316406,187.9086456298828,2180700
2023-06-09,201.77999877929688,201.77999877929688,198.7100067138672,199.6699981689453,186.67453002929688,1806800
2023-06-12,199.55999755859375,199.6300048828125,195.8699951171875,198.9600067138672,186.0107421875,2096400
2023-06-13,197.38999938964844,199.5399932861328,194.60000610351562,198.92999267578125,185.98269653320312,3577800
2023-06-14,200.13999938964844,205.0399932861328,199.30999755859375,202.74000549316406,189.54470825195312,3259400
2023-06-15,203.14999389648438,206.83999633789062,202.74000549316406,205.9199981689453,192.51776123046875,2288600
2023-06-16,206.3699951171875,206.89999389648438,204.47999572753906,204.6699981689453,191.34909057617188,4139800
2023-06-20,202.94000244140625,204.24000549316406,201.02000427246094,201.3800048828125,188.27322387695312,2412600
2023-06-21,200.47000122070312,204.1699981689453,200.1300048828125,203.64999389648438,190.39547729492188,2191200
2023-06-22,203.6300048828125,203.64999389648438,201.8699951171875,203.3699951171875,190.13369750976562,1809300
2023-06-23,201.8800048828125,201.99000549316406,199.05999755859375,199.88999938964844,186.8802032470703,7413900
2023-06-26,200.19000244140625,201.80999755859375,199.82000732421875,201.3300018310547,188.2264862060547,1764800
2023-06-27,201.63999938964844,203.3800048828125,200.66000366210938,202.97999572753906,189.76910400390625,2433900
2023-06-28,203.0399932861328,203.4199981689453,201.63999938964844,203.08999633789062,189.87193298339844,2498200
2023-06-29,202.3699951171875,204.86000061035156,201.64999389648438,204.64999389648438,191.3303985595703,1957400
2023-06-30,205.57000732421875,206.6199951171875,203.36000061035156,204.6199951171875,191.30235290527344,2298700
2023-07-03,203.25,207.11000061035156,202.05999755859375,206.1300048828125,192.71408081054688,1057400
2023-07-05,204.63999938964844,205.7899932861328,203.47999572753906,203.91000366210938,190.63856506347656,1818100
2023-07-06,202.02999877929688,203.00999450683594,200.60000610351562,202.50999450683594,189.3296661376953,1518500
2023-07-07,201.07000732421875,204.41000366210938,200.5,202.82000732421875,189.61953735351562,2074800
2023-07-10,202.66000366210938,205.4199981689453,202.42999267578125,204.86000061035156,191.52676391601562,2025200
2023-07-11,206.0,207.19000244140625,205.02999877929688,206.7899932861328,193.33111572265625,2101000
2023-07-12,208.07000732421875,210.6199951171875,206.0,208.9199981689453,195.32249450683594,3261500
2023-07-13,209.42999267578125,210.9199981689453,208.57000732421875,210.61000061035156,196.9025115966797,2214300
2023-07-14,210.3699951171875,211.66000366210938,209.8699951171875,210.99000549316406,197.2577667236328,1603000
2023-07-17,210.55999755859375,210.8300018310547,209.10000610351562,209.86000061035156,196.20132446289062,1471700
2023-07-18,209.4600067138672,213.0,209.10000610351562,212.6199951171875,198.78167724609375,1893600
2023-07-19,212.86000061035156,215.0,212.5,214.25,200.3055877685547,2036600
2023-07-20,215.02999877929688,217.6199951171875,214.6199951171875,216.77999877929688,202.67091369628906,3137600
2023-07-21,213.52999877929688,217.27000427246094,212.0399932861328,216.77999877929688,202.67091369628906,6040100
2023-07-24,216.32000732421875,219.10000610351562,215.77000427246094,216.94000244140625,202.82052612304688,2165200
2023-07-25,216.2899932861328,217.4499969482422,214.75,215.5500030517578,201.52099609375,2766100
2023-07-26,236.8300018310547,240.47999572753906,233.3800048828125,238.0,222.5098114013672,14540700
2023-07-27,235.4499969482422,236.38999938964844,230.41000366210938,232.10000610351562,216.99383544921875,5806700
2023-07-28,231.86000061035156,235.25,230.25,232.77000427246094,217.62022399902344,3595800
2023-07-31,232.72999572753906,234.5399932861328,230.4199981689453,232.02000427246094,216.91903686523438,2988700
2023-08-01,231.49000549316406,232.16000366210938,229.1300048828125,231.5,216.43289184570312,3486300
2023-08-02,231.14999389648438,232.4499969482422,229.8699951171875,230.1999969482422,215.2174835205078,2740200
2023-08-03,229.58999633789062,231.72999572753906,228.5500030517578,229.88999938964844,214.92764282226562,1914100
2023-08-04,230.52000427246094,232.82000732421875,228.24000549316406,228.52999877929688,213.6561737060547,3176300
2023-08-07,230.30999755859375,231.8300018310547,228.60000610351562,229.6999969482422,214.75003051757812,2211300
2023-08-08,230.30999755859375,230.3699951171875,226.3699951171875,228.6300048828125,213.74969482421875,2513700
2023-08-09,227.25,229.80999755859375,226.75999450683594,229.25,214.32933044433594,2562500
2023-08-10,229.97000122070312,231.33999633789062,229.52000427246094,230.3000030517578,215.3109893798828,2737700
2023-08-11,229.75,230.99000549316406,229.27999877929688,229.49000549316406,214.55369567871094,2346200
2023-08-14,228.6699981689453,229.99000549316406,228.25,229.8000030517578,214.843505859375,1682100
2023-08-15,228.83999633789062,229.1199951171875,225.4600067138672,225.5399932861328,210.86074829101562,2146200
2023-08-16,225.35000610351562,226.16000366210938,223.66000366210938,224.6199951171875,210.00064086914062,2169200
2023-08-17,225.2899932861328,226.6699981689453,224.07000732421875,224.3800048828125,209.77630615234375,2075400
2023-08-18,223.25999450683594,225.69000244140625,223.14999389648438,225.25999450683594,210.59898376464844,1660100
2023-08-21,225.24000549316406,225.7899932861328,223.39999389648438,223.97000122070312,209.39300537109375,2000600
2023-08-22,224.27000427246094,224.60000610351562,221.57000732421875,222.41000366210938,207.93450927734375,1636200
2023-08-23,222.8300018310547,223.6699981689453,221.3699951171875,223.1300048828125,208.607666015625,2026500
2023-08-24,223.2899932861328,224.24000549316406,222.47999572753906,222.52000427246094,208.037353515625,1738900
2023-08-25,223.22999572753906,225.47999572753906,222.27999877929688,224.17999267578125,209.5893096923828,1609900
2023-08-28,223.91000366210938,227.25,223.8699951171875,224.5399932861328,209.92588806152344,1731300
2023-08-29,224.42999267578125,225.24000549316406,223.0,223.44000244140625,208.8974609375,2362100
2023-08-30,222.80999755859375,224.11000061035156,221.64999389648438,222.88999938964844,209.6027374267578,2690700
2023-08-31,222.89999389648438,223.8300018310547,220.5399932861328,220.57000732421875,207.42108154296875,2410300
2023-09-01,221.63999938964844,222.39999389648438,219.7100067138672,221.02999877929688,207.85366821289062,2303700
2023-09-05,219.47000122070312,219.82000732421875,215.17999267578125,215.7100067138672,202.85081481933594,2679700
2023-09-06,215.8300018310547,216.19000244140625,211.6999969482422,212.8300018310547,200.14248657226562,2344800
2023-09-07,212.4199981689453,213.72000122070312,209.89999389648438,210.57000732421875,198.0172119140625,2882100
2023-09-08,210.32000732421875,212.1699981689453,209.0399932861328,211.8000030517578,199.17385864257812,3188200
2023-09-11,212.50999450683594,212.80999755859375,210.0500030517578,211.61000061035156,198.99520874023438,1943900
2023-09-12,211.0399932861328,214.91000366210938,206.86000061035156,213.8699951171875,201.12046813964844,2828200
2023-09-13,213.89999389648438,214.00999450683594,210.77999877929688,212.1300048828125,199.4841766357422,2919700
2023-09-14,214.13999938964844,216.55999755859375,211.74000549316406,215.6999969482422,202.84136962890625,2798700
2023-09-15,213.05999755859375,214.2100067138672,212.19000244140625,213.32000732421875,200.603271484375,4222800
2023-09-18,214.17999267578125,214.42999267578125,211.8699951171875,213.14999389648438,200.44338989257812,2206800
2023-09-19,212.64999389648438,213.50999450683594,209.89999389648438,211.77000427246094,199.14566040039062,2156000
2023-09-20,213.1199951171875,214.89999389648438,212.89999389648438,212.97999572753906,200.2835235595703,2116800
2023-09-21,212.05999755859375,213.2899932861328,210.86000061035156,211.39999389648438,198.79771423339844,2370300
2023-09-22,210.7100067138672,213.02999877929688,208.75,209.24000549316406,196.76646423339844,2416500
2023-09-25,207.9499969482422,209.50999450683594,207.1300048828125,208.47999572753906,196.05178833007812,1427400
2023-09-26,207.36000061035156,208.24000549316406,204.6199951171875,204.83999633789062,192.62881469726562,1990200
2023-09-27,205.2100067138672,205.5500030517578,201.4600067138672,202.39999389648438,190.33421325683594,2760800
2023-09-28,202.42999267578125,204.82000732421875,201.58999633789062,204.11000061035156,191.9423065185547,2112600
2023-09-29,205.8800048828125,205.8800048828125,203.3300018310547,203.6300048828125,191.4909210205078,2246700
2023-10-02,201.88999938964844,203.08999633789062,200.1300048828125,202.63999938964844,190.5599365234375,1888000
2023-10-03,201.94000244140625,205.13999938964844,201.60000610351562,203.77999877929688,191.6319580078125,2087500
2023-10-04,203.5,205.0,201.35000610351562,202.27000427246094,190.21197509765625,1911900
2023-10-05,202.1699981689453,202.4199981689453,199.50999450683594,200.63999938964844,188.6791534423828,2037200
2023-10-06,199.8300018310547,204.2100067138672,199.3300018310547,202.4600067138672,190.3906707763672,1760500
2023-10-09,201.4600067138672,204.66000366210938,200.77999877929688,204.3000030517578,192.12098693847656,1557700
2023-10-10,205.02000427246094,207.0399932861328,204.17999267578125,206.35000610351562,194.0487823486328,1972900
2023-10-11,207.24000549316406,209.94000244140625,207.0,209.47999572753906,196.99217224121094,2851100
2023-10-12,210.0,210.11000061035156,205.80999755859375,207.99000549316406,195.5909881591797,1851200
2023-10-13,208.88999938964844,210.44000244140625,207.02000427246094,207.75,195.3653106689453,1874600
2023-10-16,209.2100067138672,213.30999755859375,208.72999572753906,210.8300018310547,198.2616729736328,2358900
2023-10-17,209.89999389648438,213.3800048828125,209.57000732421875,211.33999633789062,198.74127197265625,2479900
2023-10-18,210.13999938964844,210.39999389648438,205.47000122070312,205.9199981689453,193.6444091796875,3487200
2023-10-19,218.57000732421875,220.10000610351562,210.13999938964844,210.3300018310547,197.79147338867188,6031000
2023-10-20,212.49000549316406,214.9600067138672,210.00999450683594,211.33999633789062,198.74127197265625,5485700
2023-10-23,210.2899932861328,211.63999938964844,207.47999572753906,207.75999450683594,195.3747100830078,2576500
2023-10-24,208.4499969482422,209.07000732421875,204.25999450683594,205.44000244140625,193.19300842285156,2937500
2023-10-25,203.85000610351562,207.0800018310547,202.3300018310547,205.22000122070312,192.98614501953125,2457300
2023-10-26,204.33999633789062,206.2899932861328,201.9199981689453,202.24000549316406,190.1837615966797,2626300
2023-10-27,202.55999755859375,204.02999877929688,199.97000122070312,201.72000122070312,189.6947784423828,2427600
2023-10-30,203.24000549316406,207.0399932861328,202.41000366210938,205.8000030517578,193.53155517578125,2230100
2023-10-31,206.38999938964844,207.91000366210938,204.63999938964844,207.61000061035156,195.23365783691406,2057800
2023-11-01,207.05999755859375,208.38999938964844,205.4600067138672,207.55999755859375,195.1866455078125,2444200
2023-11-02,208.57000732421875,211.91000366210938,207.75,211.38999938964844,198.78829956054688,1776600
2023-11-03,213.0,213.41000366210938,211.57000732421875,212.1300048828125,199.4841766357422,1634800
2023-11-06,212.0,213.19000244140625,209.35000610351562,213.10000610351562,200.39637756347656,1547200
2023-11-07,212.72999572753906,212.8699951171875,210.89999389648438,211.41000366210938,198.80714416503906,2324200
2023-11-08,212.08999633789062,212.97000122070312,211.02999877929688,212.0,199.3619384765625,2483100
2023-11-09,212.8000030517578,212.85000610351562,209.50999450683594,210.22999572753906,197.6974334716797,1496400
2023-11-10,211.22999572753906,211.9199981689453,208.5,211.49000549316406,198.88233947753906,2673600
2023-11-13,211.11000061035156,211.11000061035156,208.13999938964844,209.39999389648438,196.91696166992188,2185100
2023-11-14,212.47999572753906,217.3000030517578,212.47000122070312,215.69000244140625,202.8319549560547,2610400
2023-11-15,216.36000061035156,220.39999389648438,215.80999755859375,218.0800018310547,205.07949829101562,2709700
2023-11-16,218.36000061035156,219.7100067138672,216.7899932861328,219.36000061035156,206.28318786621094,1438200
2023-11-17,220.7899932861328,221.2899932861328,217.8300018310547,219.2100067138672,206.14215087890625,2002600
2023-11-20,219.0,221.67999267578125,216.9199981689453,221.10000610351562,207.91944885253906,2548000
2023-11-21,221.10000610351562,223.0,219.10000610351562,222.0,208.76580810546875,2422300
2023-11-22,222.74000549316406,224.27999877929688,222.1199951171875,223.49000549316406,210.16697692871094,1716200
2023-11-24,223.32000732421875,224.99000549316406,223.1300048828125,224.27999877929688,210.90989685058594,1045600
2023-11-27,223.74000549316406,224.08999633789062,219.3699951171875,219.85000610351562,206.74400329589844,2369200
2023-11-28,219.7100067138672,222.67999267578125,219.47999572753906,221.22999572753906,208.0417022705078,1827600
2023-11-29,222.8300018310547,223.8800048828125,220.85000610351562,221.47000122070312,208.2674102783203,1228900
2023-11-30,222.25,225.63999938964844,220.64999389648438,225.27000427246094,211.84088134765625,4430100
2023-12-01,227.41000366210938,232.35000610351562,226.24000549316406,231.3699951171875,217.57720947265625,3239000
2023-12-04,230.75999450683594,234.7100067138672,230.5500030517578,233.89999389648438,219.95640563964844,3881900
2023-12-05,232.7899932861328,233.1300048828125,230.89999389648438,232.1699981689453,218.32952880859375,2632400
2023-12-06,233.1199951171875,233.99000549316406,231.83999633789062,232.97000122070312,219.0818328857422,1804900
2023-12-07,232.4199981689453,232.89999389648438,230.5399932861328,231.49000549316406,218.91165161132812,2075100
2023-12-08,231.63999938964844,232.9199981689453,229.50999450683594,229.77000427246094,217.2850799560547,2544800
2023-12-11,229.9199981689453,232.33999633789062,229.5399932861328,232.02999877929688,219.42230224609375,1810200
2023-12-12,233.08999633789062,234.5399932861328,232.52999877929688,232.91000366210938,220.2544708251953,2427500
2023-12-13,232.92999267578125,236.80999755859375,231.55999755859375,236.69000244140625,223.82908630371094,3926700
2023-12-14,239.66000366210938,245.07000732421875,239.0399932861328,242.86000061035156,229.66384887695312,4863600
2023-12-15,237.63999938964844,242.86000061035156,237.39999389648438,241.97999572753906,228.83164978027344,4768500
2023-12-18,243.0500030517578,243.88999938964844,240.94000244140625,241.10000610351562,227.9994659423828,2457600
2023-12-19,241.3300018310547,243.42999267578125,240.0,242.64999389648438,229.46524047851562,2314200
2023-12-20,240.22000122070312,242.1199951171875,237.6999969482422,237.83999633789062,224.91659545898438,2724800
2023-12-21,238.1199951171875,242.33999633789062,237.60000610351562,242.11000061035156,228.95458984375,2603100
2023-12-22,243.0,244.9499969482422,242.3300018310547,243.5800018310547,230.3447265625,1824800
2023-12-26,243.6199951171875,246.42999267578125,243.6199951171875,245.2899932861328,231.9617919921875,1454100
2023-12-27,244.64999389648438,246.6999969482422,244.30999755859375,245.80999755859375,232.45355224609375,2206000
2023-12-28,246.0399932861328,246.99000549316406,245.1999969482422,246.02000427246094,232.65213012695312,1208500
2023-12-29,245.99000549316406,246.5399932861328,244.72999572753906,245.6199951171875,232.2738494873047,1228700
2024-01-02,244.97999572753906,245.99000549316406,242.75,243.42999267578125,230.20285034179688,2622200
2024-01-03,242.8000030517578,243.9600067138672,240.97999572753906,241.6999969482422,228.56687927246094,1748200
2024-01-04,241.24000549316406,244.0800018310547,240.92999267578125,241.05999755859375,227.9616241455078,2305400
2024-01-05,241.89999389648438,242.0,238.41000366210938,239.91000366210938,226.87411499023438,2316900
2024-01-08,239.1699981689453,240.6699981689453,237.52000427246094,240.6199951171875,227.54556274414062,2567800
2024-01-09,239.2899932861328,239.2899932861328,236.0500030517578,237.41000366210938,224.5099334716797,2055200
2024-01-10,236.85000610351562,239.1199951171875,236.8000030517578,239.0,226.0135498046875,1683400
2024-01-11,238.4499969482422,238.4499969482422,234.8000030517578,236.3800048828125,223.5359344482422,2219300
2024-01-12,237.27000427246094,238.0,234.8000030517578,237.7100067138672,224.79367065429688,3018700
2024-01-16,237.8000030517578,238.25,235.2899932861328,236.2100067138672,223.37515258789062,2578700
2024-01-17,234.8699951171875,238.22000122070312,234.47000122070312,235.80999755859375,222.99691772460938,2311100
2024-01-18,235.55999755859375,238.77000427246094,235.07000732421875,237.99000549316406,225.05844116210938,2326500
2024-01-19,238.49000549316406,240.2100067138672,236.50999450683594,239.27000427246094,226.26890563964844,2272100
2024-01-22,242.75999450683594,244.0,241.11000061035156,243.11000061035156,229.90025329589844,3005300
2024-01-23,244.0,244.52999877929688,242.25999450683594,243.3300018310547,230.10830688476562,2398300
2024-01-24,243.75999450683594,245.4199981689453,242.3300018310547,242.3300018310547,229.16261291503906,2843400
2024-01-25,244.10000610351562,245.4499969482422,237.13999938964844,241.57000732421875,228.44393920898438,4154600
2024-01-26,241.47000122070312,242.2100067138672,238.25999450683594,240.38999938964844,227.32801818847656,2493400
2024-01-29,239.67999267578125,245.5399932861328,239.17999267578125,245.1699981689453,231.8483123779297,2844600
2024-01-30,243.8699951171875,246.97999572753906,242.30999755859375,246.6999969482422,233.29518127441406,2435400
2024-01-31,247.2899932861328,248.0,243.8000030517578,243.92999267578125,230.67568969726562,2798900
2024-02-01,245.33999633789062,249.44000244140625,244.7100067138672,249.27000427246094,235.72552490234375,2116300
2024-02-02,248.1199951171875,249.74000549316406,245.8800048828125,248.3300018310547,234.8366241455078,1994200
2024-02-05,247.35000610351562,249.1199951171875,246.47999572753906,246.63999938964844,233.23843383789062,2701300
2024-02-06,246.63999938964844,250.82000732421875,246.63999938964844,249.8699951171875,236.29290771484375,2357300
2024-02-07,250.74000549316406,251.64999389648438,248.9600067138672,249.16000366210938,235.6215057373047,2337200
2024-02-08,249.07000732421875,249.24000549316406,246.41000366210938,248.82000732421875,235.2999725341797,1871500
2024-02-09,248.13999938964844,249.5500030517578,246.5,249.4499969482422,235.895751953125,2012500
2024-02-12,248.7899932861328,249.07000732421875,247.0,247.39999389648438,233.95713806152344,2259600
2024-02-13,246.0,246.27000427246094,243.74000549316406,245.61000061035156,232.26441955566406,2664100
2024-02-14,246.36000061035156,250.36000061035156,245.0500030517578,250.11000061035156,236.5198974609375,2579500
2024-02-15,250.0,251.38999938964844,248.7899932861328,250.5500030517578,236.9359893798828,2252300
2024-02-16,249.41000366210938,249.72000122070312,246.0500030517578,246.58999633789062,233.19114685058594,2202400
2024-02-20,246.58999633789062,247.32000732421875,244.8699951171875,247.13999938964844,233.71127319335938,1907200
2024-02-21,249.44000244140625,251.4600067138672,247.32000732421875,251.32000732421875,237.66415405273438,1721700
2024-02-22,251.99000549316406,254.9600067138672,250.11000061035156,254.50999450683594,240.68081665039062,2507600
2024-02-23,255.27000427246094,258.0899963378906,254.9499969482422,256.9100036621094,242.95042419433594,1943500
2024-02-26,256.989990234375,258.6600036621094,252.38999938964844,252.63999938964844,238.91241455078125,2806400
2024-02-27,252.6699981689453,255.6999969482422,252.1999969482422,253.2899932861328,239.527099609375,2206300
2024-02-28,252.50999450683594,255.85000610351562,251.3000030517578,253.99000549316406,241.4281768798828,1885800
2024-02-29,254.32000732421875,255.74000549316406,253.4499969482422,253.69000244140625,241.14303588867188,3022100
2024-03-01,252.86000061035156,253.47999572753906,250.77000427246094,252.97999572753906,240.4681396484375,2811400
2024-03-04,253.36000061035156,254.83999633789062,252.4600067138672,253.47000122070312,240.93389892578125,1834900
2024-03-05,253.85000610351562,255.6199951171875,252.38999938964844,253.6999969482422,241.15252685546875,1368800
2024-03-06,253.44000244140625,254.97999572753906,250.83999633789062,251.0,238.58604431152344,1911000
2024-03-07,253.35000610351562,253.35000610351562,248.72999572753906,249.0399932861328,236.72299194335938,2395600
2024-03-08,248.25,251.22999572753906,247.61000061035156,250.9600067138672,238.54803466796875,2409100
2024-03-11,250.22000122070312,251.47999572753906,247.2899932861328,249.8699951171875,237.51193237304688,1539600
2024-03-12,249.4199981689453,252.17999267578125,249.22000122070312,251.17999267578125,238.7571258544922,1633900
2024-03-13,250.25999450683594,250.77999877929688,248.4600067138672,249.25,236.92259216308594,2129000
2024-03-14,247.42999267578125,247.97999572753906,243.60000610351562,246.05999755859375,233.890380859375,2519700
2024-03-15,243.4499969482422,246.3800048828125,243.22999572753906,244.1300048828125,232.0558319091797,3258900
2024-03-18,245.05999755859375,245.6199951171875,243.86000061035156,244.36000061035156,232.2744598388672,2280700
2024-03-19,244.3000030517578,245.17999267578125,241.27999877929688,242.7100067138672,230.7060546875,3244300
2024-03-20,242.8800048828125,247.5500030517578,242.64999389648438,246.30999755859375,234.12802124023438,2564800
2024-03-21,247.52999877929688,250.36000061035156,246.6300048828125,248.11000061035156,235.83900451660156,3215400
2024-03-22,248.36000061035156,249.08999633789062,244.8699951171875,244.97000122070312,232.8542938232422,1676900
2024-03-25,244.47000122070312,245.1999969482422,242.64999389648438,243.85000610351562,231.78970336914062,1974700
2024-03-26,243.97999572753906,244.22999572753906,240.5,240.69000244140625,228.7859649658203,2801900
2024-03-27,242.17999267578125,244.77000427246094,241.99000549316406,244.6300048828125,232.53111267089844,2150500
2024-03-28,245.8699951171875,246.75999450683594,244.22000122070312,245.92999267578125,233.76678466796875,2265900
2024-04-01,245.5,245.9499969482422,242.6300048828125,243.3000030517578,231.2668914794922,2493800
2024-04-02,242.27000427246094,243.8800048828125,240.8699951171875,242.52999877929688,230.53497314453125,2019400
2024-04-03,242.8699951171875,245.0,240.8000030517578,241.5500030517578,229.60345458984375,2097200
2024-04-04,243.27000427246094,244.92999267578125,239.75999450683594,240.69000244140625,228.7859649658203,2062500
2024-04-05,241.57000732421875,242.80999755859375,240.72000122070312,242.00999450683594,230.0406951904297,1503700
2024-04-08,242.0,243.5,240.0399932861328,240.2899932861328,228.40573120117188,2139200
2024-04-09,241.02999877929688,241.85000610351562,238.00999450683594,240.7899932861328,228.88101196289062,1736900
2024-04-10,238.17999267578125,238.64999389648438,235.8800048828125,236.85000610351562,225.13589477539062,2181000
2024-04-11,236.86000061035156,237.72999572753906,235.02999877929688,236.16000366210938,224.4800262451172,1692400
2024-04-12,234.80999755859375,235.47999572753906,233.25,234.39999389648438,222.80706787109375,2595000
2024-04-15,237.7100067138672,237.9199981689453,232.49000549316406,233.94000244140625,222.36981201171875,2298000
2024-04-16,234.42999267578125,234.42999267578125,230.9499969482422,231.25999450683594,219.82235717773438,2025400
2024-04-17,231.8000030517578,232.1300048828125,227.8699951171875,229.22999572753906,217.89273071289062,1997000
2024-04-18,230.72000122070312,231.41000366210938,229.10000610351562,229.80999755859375,218.44407653808594,1570200
2024-04-19,230.69000244140625,232.80999755859375,230.42999267578125,232.0800018310547,220.601806640625,2971900
2024-04-22,232.99000549316406,235.64999389648438,232.0399932861328,234.47000122070312,222.8736114501953,2200000
2024-04-23,235.39999389648438,237.32000732421875,234.80999755859375,236.2899932861328,224.6035919189453,1980800
2024-04-24,233.8699951171875,234.1300048828125,229.32000732421875,231.97999572753906,220.50674438476562,2951100
2024-04-25,240.24000549316406,243.61000061035156,236.1199951171875,243.5500030517578,231.5045166015625,3897500
2024-04-26,243.89999389648438,244.8300018310547,240.72999572753906,242.7899932861328,230.78208923339844,2255500
2024-04-29,243.38999938964844,244.39999389648438,239.47000122070312,240.9499969482422,229.03306579589844,1625800
2024-04-30,239.72000122070312,240.07000732421875,236.77000427246094,237.16000366210938,225.43055725097656,1737000
2024-05-01,235.82000732421875,237.0800018310547,234.1699981689453,234.9600067138672,223.33935546875,1651700
2024-05-02,236.0,238.0500030517578,233.2100067138672,237.69000244140625,225.93435668945312,2440900
2024-05-03,242.27000427246094,243.3800048828125,239.75999450683594,240.36000061035156,228.4722900390625,2174700
2024-05-06,241.80999755859375,241.80999755859375,239.0399932861328,239.2100067138672,227.37916564941406,1527700
2024-05-07,241.3699951171875,243.13999938964844,239.8000030517578,242.3800048828125,230.3924102783203,1585300
2024-05-08,241.47000122070312,246.39999389648438,241.19000244140625,245.89999389648438,233.73829650878906,1739000
2024-05-09,245.5800018310547,248.89999389648438,244.9499969482422,246.61000061035156,234.4131622314453,1765100
2024-05-10,248.0,248.49000549316406,246.6199951171875,247.39999389648438,235.16409301757812,1299500
2024-05-13,247.41000366210938,248.39999389648438,245.35000610351562,245.67999267578125,233.52914428710938,1317200
2024-05-14,246.82000732421875,247.0,243.16000366210938,244.94000244140625,232.82577514648438,1357500
2024-05-15,245.85000610351562,246.8800048828125,245.3800048828125,246.5399932861328,234.34661865234375,1769200
2024-05-16,246.13999938964844,247.27000427246094,244.94000244140625,245.89999389648438,233.73829650878906,1526000
2024-05-17,246.30999755859375,246.9199981689453,243.3300018310547,244.97000122070312,232.8542938232422,2105700
2024-05-20,244.92999267578125,244.92999267578125,241.83999633789062,243.6300048828125,231.58056640625,1130300
2024-05-21,240.0,240.0500030517578,234.5399932861328,234.9600067138672,223.33935546875,2967600
2024-05-22,234.77000427246094,235.25,232.52000427246094,234.7100067138672,223.1017303466797,2634200
2024-05-23,234.22999572753906,234.8800048828125,231.8000030517578,232.7100067138672,221.20065307617188,2815700
2024-05-24,232.0,234.1300048828125,231.0399932861328,232.0500030517578,220.57330322265625,2305500
2024-05-28,232.14999389648438,232.27000427246094,228.24000549316406,229.00999450683594,217.68362426757812,2480900
2024-05-29,226.7899932861328,228.33999633789062,225.6699981689453,225.8800048828125,214.70843505859375,3279100
2024-05-30,226.0500030517578,229.4199981689453,225.49000549316406,229.24000549316406,217.9022674560547,2840400
2024-05-31,228.16000366210938,233.3000030517578,227.0800018310547,232.82000732421875,222.56735229492188,5524500
2024-06-03,233.0,233.5,227.33999633789062,228.32000732421875,218.26553344726562,2593900
2024-06-04,228.11000061035156,229.8000030517578,226.24000549316406,227.6199951171875,217.5963592529297,1820800
2024-06-05,228.72999572753906,229.08999633789062,226.0,227.41000366210938,217.39561462402344,2920800
2024-06-06,227.64999389648438,228.9199981689453,226.4199981689453,228.30999755859375,218.25596618652344,2023200
2024-06-07,227.5399932861328,230.72000122070312,226.69000244140625,227.97000122070312,217.93096923828125,2555600
2024-06-10,227.35000610351562,228.99000549316406,226.25,228.9499969482422,218.86778259277344,1884800
2024-06-11,227.77999877929688,228.92999267578125,226.3300018310547,227.41000366210938,217.39561462402344,1619900
2024-06-12,228.94000244140625,231.27000427246094,225.77000427246094,226.47000122070312,216.4969940185547,1931900
2024-06-13,225.64999389648438,226.1999969482422,221.3800048828125,222.1199951171875,212.3385772705078,3283900
2024-06-14,221.33999633789062,222.19000244140625,218.5500030517578,222.10000610351562,212.31944274902344,2130500
2024-06-17,219.52999877929688,222.50999450683594,219.2899932861328,221.3800048828125,211.6311492919922,3134500
2024-06-18,221.3800048828125,223.8300018310547,221.14999389648438,222.5800018310547,212.77830505371094,2057100
2024-06-20,222.30999755859375,225.42999267578125,221.47000122070312,225.1699981689453,215.25424194335938,2267800
2024-06-21,226.1300048828125,226.60000610351562,223.13999938964844,226.11000061035156,216.15283203125,3322600
2024-06-24,226.66000366210938,229.3800048828125,225.9499969482422,226.36000061035156,216.39186096191406,2407600
2024-06-25,224.85000610351562,225.1300048828125,219.5800018310547,224.05999755859375,214.19309997558594,3079500
2024-06-26,224.0,225.13999938964844,222.8699951171875,223.61000061035156,213.762939453125,1921500
2024-06-27,224.5800018310547,225.3300018310547,222.77999877929688,223.47000122070312,213.62911987304688,1815000
2024-06-28,224.89999389648438,227.44000244140625,224.30999755859375,226.25999450683594,216.29623413085938,3492600
2024-07-01,226.13999938964844,227.8800048828125,224.14999389648438,224.86000061035156,214.9578857421875,1697300
2024-07-02,224.86000061035156,225.5399932861328,223.82000732421875,225.5,215.56973266601562,1530500
2024-07-03,225.9600067138672,228.10000610351562,225.00999450683594,225.57000732421875,215.6366424560547,1219800
2024-07-05,225.16000366210938,226.67999267578125,222.82000732421875,225.1699981689453,215.25424194335938,1659400
2024-07-08,224.50999450683594,224.67999267578125,222.1300048828125,223.38999938964844,213.55262756347656,1781600
2024-07-09,222.27999877929688,222.91000366210938,220.6300048828125,221.77999877929688,212.0135040283203,1514200
2024-07-10,222.33999633789062,224.52999877929688,221.92999267578125,224.41000366210938,214.5277099609375,1832700
2024-07-11,224.85000610351562,228.97000122070312,224.25999450683594,228.72000122070312,218.6479034423828,1517900
2024-07-12,229.6699981689453,232.42999267578125,228.72000122070312,230.22000122070312,220.0818634033203,1912300
2024-07-15,230.60000610351562,236.4499969482422,230.27999877929688,235.99000549316406,225.59776306152344,2569500
2024-07-16,236.0,243.82000732421875,235.89999389648438,243.05999755859375,232.3563995361328,3417400
2024-07-17,243.44000244140625,246.05999755859375,242.75999450683594,243.88999938964844,233.14988708496094,2933000
2024-07-18,242.63999938964844,245.8699951171875,242.17999267578125,243.00999450683594,232.30862426757812,2491300
2024-07-19,244.8000030517578,244.8000030517578,241.5,242.32000732421875,231.64901733398438,3870100
2024-07-22,242.77999877929688,243.3699951171875,240.86000061035156,243.27000427246094,232.55715942382812,2187000
2024-07-23,242.22999572753906,242.89999389648438,239.2899932861328,239.5,228.95318603515625,2538300
2024-07-24,238.1999969482422,240.74000549316406,236.83999633789062,237.3800048828125,226.9265594482422,3288800
2024-07-25,235.86000061035156,239.6999969482422,230.89999389648438,235.35000610351562,224.98593139648438,3017600
2024-07-26,237.22000122070312,243.14999389648438,235.88999938964844,240.36000061035156,229.7753143310547,2818600
2024-07-29,240.99000549316406,243.88999938964844,240.00999450683594,242.14999389648438,231.48646545410156,2023000
2024-07-30,243.14999389648438,247.25999450683594,242.80999755859375,245.42999267578125,234.6220703125,1914400
2024-07-31,245.52000427246094,249.17999267578125,244.47999572753906,246.72999572753906,235.8648223876953,2285700
2024-08-01,247.3699951171875,249.33999633789062,243.7899932861328,244.47000122070312,233.704345703125,2166100
2024-08-02,243.52999877929688,243.89999389648438,235.6999969482422,239.97000122070312,229.4025115966797,2114600
2024-08-05,237.00999450683594,237.97000122070312,231.25999450683594,234.8699951171875,224.52708435058594,2494400
2024-08-06,235.3800048828125,241.50999450683594,234.72999572753906,238.5500030517578,228.04502868652344,2514600
2024-08-07,239.85000610351562,241.94000244140625,236.47000122070312,236.83999633789062,226.4103240966797,1939200
2024-08-08,237.24000549316406,240.88999938964844,236.89999389648438,240.5399932861328,229.94737243652344,1444800
2024-08-09,240.47000122070312,240.47000122070312,236.9499969482422,237.52000427246094,227.06039428710938,1621100
2024-08-12,238.35000610351562,238.35000610351562,234.89999389648438,236.75,226.3242950439453,1782100
2024-08-13,238.02999877929688,239.0,235.22999572753906,237.27000427246094,226.82139587402344,1486200
2024-08-14,237.97000122070312,242.25,237.30999755859375,241.22000122070312,230.59744262695312,1903100
2024-08-15,243.92999267578125,245.27000427246094,242.75,243.7100067138672,232.97779846191406,2128000
2024-08-16,244.0,245.39999389648438,243.39999389648438,244.52999877929688,233.7616729736328,1951400
2024-08-19,245.0,246.66000366210938,244.1699981689453,246.07000732421875,235.23387145996094,1686500
2024-08-20,246.07000732421875,247.24000549316406,245.30999755859375,246.5,235.6449432373047,1552000
2024-08-21,247.72999572753906,248.3000030517578,245.0,245.72999572753906,234.90882873535156,1482900
2024-08-22,246.02999877929688,247.0,242.8300018310547,244.32000732421875,233.5609588623047,2722300
2024-08-23,245.0,246.99000549316406,244.02999877929688,246.85000610351562,235.9795379638672,2449200
2024-08-26,247.75999450683594,249.5500030517578,247.0,247.83999633789062,236.92593383789062,1680600
2024-08-27,248.49000549316406,250.5,248.0500030517578,250.35000610351562,239.32540893554688,1466200
2024-08-28,250.47000122070312,254.38999938964844,249.80999755859375,252.6699981689453,241.543212890625,2359700
2024-08-29,253.80999755859375,254.64999389648438,251.38999938964844,253.1999969482422,242.04989624023438,1287700
2024-08-30,251.9199981689453,256.29998779296875,251.9199981689453,256.0899963378906,246.1151123046875,2386600
2024-09-03,255.8699951171875,256.95001220703125,254.0500030517578,255.2100067138672,245.26939392089844,2585800
2024-09-04,255.44000244140625,258.07000732421875,252.08999633789062,255.6999969482422,245.7403106689453,2880300
2024-09-05,255.8000030517578,256.1099853515625,249.8699951171875,251.52999877929688,241.73272705078125,2562500
2024-09-06,251.39999389648438,253.6699981689453,249.24000549316406,249.6300048828125,239.90675354003906,2406200
2024-09-09,250.7100067138672,252.13999938964844,249.82000732421875,251.11000061035156,241.32908630371094,2162500
2024-09-10,251.85000610351562,252.6199951171875,249.6199951171875,252.5800018310547,242.74185180664062,1694700
2024-09-11,250.63999938964844,251.5,243.42999267578125,247.5,237.8596954345703,2372100
2024-09-12,247.9199981689453,249.52000427246094,245.41000366210938,248.88999938964844,239.195556640625,1867900
2024-09-13,249.94000244140625,252.0,248.5500030517578,249.1199951171875,239.41659545898438,2267800
2024-09-16,250.8800048828125,253.58999633789062,249.47999572753906,252.42999267578125,242.59767150878906,1651000
2024-09-17,253.27000427246094,255.05999755859375,253.0,253.5500030517578,243.67405700683594,1640400
2024-09-18,254.00999450683594,254.55999755859375,250.52999877929688,251.1999969482422,241.4155731201172,1568200
2024-09-19,250.0,254.00999450683594,246.0500030517578,248.44000244140625,238.76309204101562,3406700
2024-09-20,243.47999572753906,245.6199951171875,242.5399932861328,245.38999938964844,235.8319091796875,6802600
2024-09-23,245.08999633789062,245.36000061035156,242.86000061035156,244.0,234.49603271484375,2740600
2024-09-24,243.19000244140625,249.02999877929688,241.55999755859375,248.9600067138672,239.26284790039062,2772700
2024-09-25,247.5399932861328,249.2899932861328,245.0800018310547,245.5,235.93760681152344,2347200
2024-09-26,247.0,248.3000030517578,242.35000610351562,243.22999572753906,233.7560272216797,2398600
2024-09-27,244.67999267578125,247.47999572753906,243.94000244140625,244.22000122070312,234.70745849609375,1954500
2024-09-30,245.0,247.00999450683594,243.4600067138672,246.47999572753906,236.87942504882812,2923200
2024-10-01,246.1699981689453,247.35000610351562,243.66000366210938,245.5500030517578,235.98565673828125,1925000
2024-10-02,245.0500030517578,246.19000244140625,242.2100067138672,243.35000610351562,233.87135314941406,2568300
2024-10-03,242.42999267578125,243.0,239.60000610351562,240.6300048828125,231.25730895996094,1990200
2024-10-04,241.72000122070312,243.17999267578125,237.19000244140625,238.86000061035156,229.55624389648438,2137900
2024-10-07,237.6999969482422,238.14999389648438,235.2899932861328,236.8699951171875,227.6437530517578,1684100
2024-10-08,237.67999267578125,238.94000244140625,237.30999755859375,237.55999755859375,228.30686950683594,1783200
2024-10-09,237.11000061035156,238.66000366210938,235.8800048828125,237.67999267578125,228.42222595214844,2046700
2024-10-10,237.4499969482422,238.94000244140625,236.2899932861328,238.82000732421875,229.51780700683594,1900700
2024-10-11,240.0800018310547,242.5399932861328,239.5500030517578,242.30999755859375,232.8718719482422,1663800
2024-10-14,242.64999389648438,246.1699981689453,241.9600067138672,245.27000427246094,235.716552734375,1735800
2024-10-15,246.7100067138672,248.6999969482422,245.36000061035156,245.7899932861328,236.21632385253906,1858000
2024-10-16,245.92999267578125,250.22999572753906,245.5,248.10000610351562,238.4363555908203,1500100
2024-10-17,246.8800048828125,246.8800048828125,240.5,241.72000122070312,232.30484008789062,2177900
2024-10-18,242.52999877929688,244.7100067138672,241.4600067138672,244.10000610351562,234.59214782714844,2866100
2024-10-21,243.72999572753906,243.72999572753906,239.4199981689453,240.35000610351562,230.9882049560547,1547900
2024-10-22,241.0800018310547,241.94000244140625,238.6300048828125,241.4499969482422,232.04534912109375,1818400
2024-10-23,241.3000030517578,242.19000244140625,240.11000061035156,241.35000610351562,231.94924926757812,2156100
2024-10-24,229.4199981689453,234.0,227.55999755859375,230.75,221.76214599609375,5181100
2024-10-25,230.19000244140625,231.8800048828125,229.27999877929688,230.3000030517578,221.3296661376953,2952000
2024-10-28,230.05999755859375,233.4600067138672,230.05999755859375,231.97999572753906,222.94422912597656,2493000
2024-10-29,232.11000061035156,234.3800048828125,231.4600067138672,231.99000549316406,222.95384216308594,3682100
2024-10-30,231.5,234.64999389648438,231.27999877929688,232.1699981689453,223.12684631347656,3079400
2024-10-31,230.74000549316406,233.83999633789062,230.2899932861328,232.07000732421875,223.03073120117188,2594700
2024-11-01,233.5500030517578,234.83999633789062,232.3000030517578,232.69000244140625,223.6265869140625,2653300
2024-11-04,231.9499969482422,233.22999572753906,229.44000244140625,229.91000366210938,220.95486450195312,2195600
2024-11-05,230.60000610351562,233.88999938964844,229.5,233.8699951171875,224.76060485839844,1483700
2024-11-06,248.0800018310547,251.72000122070312,242.35000610351562,248.49000549316406,238.8111572265625,5318700
2024-11-07,249.3000030517578,249.88999938964844,242.1999969482422,242.55999755859375,233.1121368408203,2921300
2024-11-08,241.9600067138672,244.1300048828125,240.80999755859375,241.49000549316406,232.0838165283203,2209300
2024-11-11,243.86000061035156,245.94000244140625,241.83999633789062,241.9499969482422,232.52587890625,3299100
2024-11-12,242.35000610351562,242.63999938964844,238.58999633789062,238.91000366210938,229.60427856445312,2362900
2024-11-13,239.41000366210938,240.92999267578125,238.30999755859375,240.41000366210938,231.04586791992188,2563900
2024-11-14,240.25999450683594,241.08999633789062,234.82000732421875,235.5800018310547,226.4040069580078,2766000
2024-11-15,234.8800048828125,237.8300018310547,234.0,235.57000732421875,226.39439392089844,2068500
2024-11-18,235.0800018310547,235.4600067138672,233.8800048828125,234.41000366210938,225.27957153320312,1401400
2024-11-19,233.13999938964844,234.08999633789062,231.86000061035156,233.2899932861328,224.20318603515625,1773900
2024-11-20,233.47000122070312,234.32000732421875,231.83999633789062,233.55999755859375,224.46267700195312,1158000
2024-11-21,234.07000732421875,239.92999267578125,233.6699981689453,239.02000427246094,229.7100372314453,3490700
2024-11-22,240.0,242.6699981689453,239.47000122070312,242.38999938964844,232.94874572753906,2664900
2024-11-25,243.4600067138672,250.5800018310547,243.0500030517578,249.32000732421875,239.6088409423828,4224400
2024-11-26,246.75999450683594,247.1699981689453,242.4600067138672,245.6300048828125,236.0625762939453,3305300
2024-11-27,246.0399932861328,247.88999938964844,244.86000061035156,245.22999572753906,235.6781463623047,2040800
2024-11-29,245.08999633789062,246.6300048828125,244.10000610351562,244.66000366210938,235.13034057617188,1484900
2024-12-02,244.02999877929688,244.57000732421875,240.41000366210938,240.77999877929688,231.40145874023438,3100000
2024-12-03,241.72999572753906,241.72999572753906,235.11000061035156,236.99000549316406,227.7590789794922,4196800
2024-12-04,236.6999969482422,237.85000610351562,233.61000061035156,235.0,225.8466033935547,3264900
2024-12-05,235.3300018310547,235.5399932861328,233.57000732421875,234.6300048828125,225.49098205566406,2011400
2024-12-06,235.69000244140625,236.6699981689453,233.3699951171875,233.57000732421875,224.4722900390625,2585100
2024-12-09,232.25,234.97000122070312,231.69000244140625,233.5399932861328,225.73854064941406,3095700
2024-12-10,233.35000610351562,239.02000427246094,231.7899932861328,237.08999633789062,229.16995239257812,3092600
2024-12-11,236.50999450683594,238.42999267578125,233.30999755859375,233.77999877929688,225.9705352783203,2862600
2024-12-12,234.25,234.5500030517578,231.88999938964844,233.7100067138672,225.90284729003906,2242700
2024-12-13,233.17999267578125,237.5399932861328,233.17999267578125,234.97999572753906,227.13043212890625,2715600
2024-12-16,234.0399932861328,235.0800018310547,231.57000732421875,232.88999938964844,225.11024475097656,2839500
2024-12-17,230.67999267578125,232.50999450683594,229.3300018310547,229.8800048828125,222.2008056640625,3642400
2024-12-18,229.8000030517578,231.11000061035156,224.41000366210938,224.5399932861328,217.0391845703125,3582400
2024-12-19,224.4199981689453,226.60000610351562,223.05999755859375,223.14999389648438,215.69561767578125,2785300
2024-12-20,223.1199951171875,227.91000366210938,221.86000061035156,226.32000732421875,218.7597198486328,5949400
2024-12-23,225.6300048828125,227.52000427246094,224.75999450683594,227.1300048828125,219.5426788330078,1939300
2024-12-24,227.72999572753906,230.00999450683594,226.63999938964844,229.75,222.0751495361328,669000
2024-12-26,228.72000122070312,230.8000030517578,228.5399932861328,230.22999572753906,222.5391082763672,1021700
2024-12-27,228.5800018310547,231.72999572753906,228.3000030517578,229.92999267578125,222.24913024902344,1455900
2024-12-30,228.17999267578125,229.6300048828125,226.77999877929688,227.7899932861328,220.18060302734375,1659700
2024-12-31,228.0,229.5,226.9499969482422,228.0399932861328,220.42225646972656,1784700
2025-01-02,229.97999572753906,230.6199951171875,228.3300018310547,229.1199951171875,221.46617126464844,3177200
2025-01-03,229.80999755859375,232.3699951171875,228.85000610351562,231.5,223.76666259765625,1994500
2025-01-06,232.2100067138672,232.3000030517578,228.91000366210938,230.00999450683594,222.32644653320312,2798800
2025-01-07,231.0,232.52999877929688,229.77000427246094,230.5399932861328,222.8387451171875,2752700
2025-01-08,229.63999938964844,232.10000610351562,229.00999450683594,231.82000732421875,224.07601928710938,2062800
2025-01-10,228.82000732421875,230.00999450683594,224.74000549316406,225.2100067138672,217.68682861328125,2711300
2025-01-13,223.72999572753906,227.02000427246094,222.5,226.75999450683594,219.18502807617188,2278100
2025-01-14,228.8300018310547,229.5800018310547,227.6300048828125,229.3800048828125,221.71749877929688,1823400
2025-01-15,233.0,233.3000030517578,230.44000244140625,230.86000061035156,223.1480712890625,1892300
2025-01-16,230.2899932861328,235.1300048828125,229.57000732421875,234.88999938964844,227.0434112548828,2296900
2025-01-17,239.25999450683594,239.25999450683594,232.1999969482422,234.25999450683594,226.43447875976562,3643700
2025-01-21,235.58999633789062,237.33999633789062,234.99000549316406,236.72999572753906,228.82196044921875,2630500
2025-01-22,236.72999572753906,237.0,234.16000366210938,235.8000030517578,227.92303466796875,2757500
2025-01-23,246.64999389648438,249.6699981689453,242.05999755859375,248.0500030517578,239.76382446289062,5226200
2025-01-24,247.47999572753906,250.5,245.7100067138672,248.77999877929688,240.4694366455078,4048500
2025-01-27,250.6300048828125,256.8399963378906,250.0,254.4199981689453,245.9210205078125,4537400
2025-01-28,254.0,256.2799987792969,248.80999755859375,249.16000366210938,240.83676147460938,3167200
2025-01-29,249.6999969482422,252.99000549316406,249.05999755859375,249.5500030517578,241.21372985839844,3026900
2025-01-30,249.3800048828125,251.6300048828125,247.07000732421875,249.9199981689453,241.57138061523438,2490500
2025-01-31,248.6699981689453,252.0399932861328,247.66000366210938,247.7899932861328,239.5124969482422,2987200
2025-02-03,242.22999572753906,246.69000244140625,237.07000732421875,243.02000427246094,234.90187072753906,3962300
2025-02-04,242.69000244140625,245.52999877929688,242.33999633789062,243.5,235.36582946777344,2895100
2025-02-05,244.22999572753906,245.22999572753906,243.0,244.47999572753906,236.31309509277344,2436900
2025-02-06,245.36000061035156,245.74000549316406,242.77000427246094,243.50999450683594,235.37547302246094,1574500
2025-02-07,243.99000549316406,244.1199951171875,240.7899932861328,242.0800018310547,233.99325561523438,2185500
2025-02-10,243.77000427246094,244.5,241.5800018310547,244.3300018310547,236.16810607910156,2315000
2025-02-11,244.7899932861328,247.99000549316406,243.86000061035156,247.72999572753906,239.45449829101562,2584800
2025-02-12,243.35000610351562,249.22999572753906,243.35000610351562,248.50999450683594,240.20846557617188,2656900
2025-02-13,249.1699981689453,251.83999633789062,247.35000610351562,250.97000122070312,242.58628845214844,2279800
2025-02-14,251.49000549316406,253.1999969482422,249.10000610351562,249.22000122070312,240.89474487304688,1696300
2025-02-18,250.0,251.77999877929688,248.44000244140625,251.1699981689453,242.7796173095703,1709300
2025-02-19,249.64999389648438,250.25999450683594,244.39999389648438,247.05999755859375,238.806884765625,2488500
2025-02-20,246.5800018310547,247.72999572753906,245.33999633789062,247.64999389648438,239.377197265625,1425400
2025-02-21,246.77000427246094,247.74000549316406,241.80999755859375,245.5500030517578,237.3473358154297,3292500
2025-02-24,245.24000549316406,246.0,242.22000122070312,242.3300018310547,234.23489379882812,5576700
2025-02-25,242.88999938964844,246.86000061035156,242.77000427246094,245.88999938964844,237.6759796142578,2911600
2025-02-26,245.92999267578125,247.9600067138672,244.77999877929688,245.47999572753906,237.27967834472656,2477000
2025-02-27,244.99000549316406,247.3000030517578,243.77000427246094,245.07000732421875,236.88339233398438,3012400
2025-02-28,244.9199981689453,247.11000061035156,242.49000549316406,246.69000244140625,239.76023864746094,3252600
2025-03-03,248.33999633789062,249.6999969482422,243.77000427246094,245.80999755859375,238.90493774414062,2218000
2025-03-04,243.6699981689453,244.02000427246094,240.85000610351562,241.52000427246094,234.7354736328125,3037800
2025-03-05,241.82000732421875,245.0500030517578,241.19000244140625,243.61000061035156,236.7667694091797,3051700
2025-03-06,243.3000030517578,245.47999572753906,241.85000610351562,245.27000427246094,238.38011169433594,2311100
2025-03-07,246.08999633789062,250.3300018310547,244.9600067138672,249.30999755859375,242.30662536621094,2835800
2025-03-10,247.6199951171875,251.25999450683594,246.1199951171875,248.2899932861328,241.31527709960938,2420700
2025-03-11,247.4499969482422,248.08999633789062,237.42999267578125,237.77999877929688,231.1005096435547,3357900
2025-03-12,236.69000244140625,238.39999389648438,234.02000427246094,237.49000549316406,230.8186798095703,1927500
2025-03-13,237.14999389648438,238.08999633789062,233.52000427246094,234.2899932861328,227.70852661132812,2399900
2025-03-14,235.63999938964844,237.74000549316406,234.91000366210938,237.52999877929688,230.85755920410156,2116800
2025-03-17,237.4600067138672,239.50999450683594,235.97000122070312,237.86000061035156,231.1782684326172,2139000
2025-03-18,238.47999572753906,240.0,235.52999877929688,237.08999633789062,230.42991638183594,2184200
2025-03-19,237.00999450683594,238.1300048828125,234.89999389648438,236.38999938964844,229.7495574951172,2058300
2025-03-20,234.27999877929688,235.94000244140625,233.25999450683594,234.7899932861328,228.1945037841797,2869500
2025-03-21,233.0800018310547,234.25,231.33999633789062,233.8800048828125,227.31007385253906,4167700
2025-03-24,236.9600067138672,237.8300018310547,233.8800048828125,235.1999969482422,228.59298706054688,3291100
2025-03-25,235.1999969482422,236.5399932861328,234.33999633789062,235.7899932861328,229.16639709472656,1849000
2025-03-26,235.86000061035156,238.75,235.69000244140625,238.02999877929688,231.34349060058594,1709900
2025-03-27,238.3300018310547,238.3300018310547,234.66000366210938,235.97000122070312,229.34136962890625,1913900
2025-03-28,235.61000061035156,236.6999969482422,232.00999450683594,232.14999389648438,225.62867736816406,1918000
2025-03-31,230.55999755859375,238.10000610351562,230.27999877929688,236.24000549316406,229.60377502441406,3478100
2025-04-01,234.66000366210938,237.6699981689453,233.83999633789062,237.1699981689453,230.5076446533203,2367300
2025-04-02,235.13999938964844,238.50999450683594,234.61000061035156,238.4600067138672,231.76141357421875,2023600
2025-04-03,231.35000610351562,232.97999572753906,223.0800018310547,223.97000122070312,217.67845153808594,5754800
2025-04-04,220.0,221.75,212.5500030517578,213.25999450683594,207.26930236816406,6784500
2025-04-07,211.11000061035156,216.24000549316406,204.7899932861328,209.97000122070312,204.07174682617188,5055900
2025-04-08,217.52999877929688,217.72999572753906,204.66000366210938,208.27000427246094,202.4194793701172,5126200
2025-04-09,206.6199951171875,224.6999969482422,206.3800048828125,223.52999877929688,217.2508087158203,5361000
2025-04-10,221.3800048828125,221.69000244140625,214.1999969482422,219.32000732421875,213.15907287597656,5088800
2025-04-11,218.75999450683594,220.27000427246094,215.10000610351562,218.58999633789062,212.44956970214844,2965000
2025-04-14,221.14999389648438,223.27000427246094,219.2899932861328,222.27000427246094,216.02622985839844,3197700
2025-04-15,222.7899932861328,224.30999755859375,219.58999633789062,220.0800018310547,213.89773559570312,2807000
2025-04-16,219.6999969482422,220.5399932861328,215.41000366210938,216.60000610351562,210.51548767089844,3293600
2025-04-17,217.5,222.24000549316406,217.3000030517578,220.25999450683594,214.0726776123047,4545800
2025-04-21,218.16000366210938,218.97999572753906,213.36000061035156,216.0500030517578,209.98092651367188,3379600
2025-04-22,218.02999877929688,218.6199951171875,214.9600067138672,216.89999389648438,210.80706787109375,3353300
2025-04-23,221.30999755859375,224.5800018310547,218.3300018310547,219.77999877929688,213.6061553955078,3879500
2025-04-24,208.25,215.8300018310547,206.6300048828125,215.4499969482422,209.3977813720703,5205100
2025-04-25,214.0,214.75999450683594,211.57000732421875,213.2899932861328,207.29844665527344,3454900
2025-04-28,213.05999755859375,214.6999969482422,210.8000030517578,212.61000061035156,206.6375732421875,3053300
2025-04-29,211.2899932861328,214.9600067138672,211.2899932861328,214.5399932861328,208.51336669921875,2886400
2025-04-30,213.47000122070312,215.97999572753906,210.52999877929688,215.66000366210938,209.60191345214844,3139100
2025-05-01,215.5,215.5,212.57000732421875,214.0800018310547,208.06626892089844,4458500
2025-05-02,216.82000732421875,219.61000061035156,215.83999633789062,218.2899932861328,212.15798950195312,2926800
2025-05-05,216.8000030517578,218.7899932861328,216.25999450683594,216.52999877929688,210.4474639892578,1895600
2025-05-06,214.75999450683594,216.22000122070312,213.0,213.1999969482422,207.2109832763672,2265100
2025-05-07,213.74000549316406,214.91000366210938,212.6999969482422,213.85000610351562,207.84274291992188,3277100
2025-05-08,214.91000366210938,218.9199981689453,213.8699951171875,216.83999633789062,210.7487335205078,3335500
2025-05-09,216.74000549316406,217.72000122070312,215.1199951171875,216.32000732421875,210.2433624267578,2172900
2025-05-12,227.05999755859375,231.5399932861328,226.52000427246094,230.8699951171875,224.3846435546875,4965900
2025-05-13,231.00999450683594,231.99000549316406,228.0399932861328,228.25,221.83824157714844,3028100
2025-05-14,227.33999633789062,228.75999450683594,223.13999938964844,228.33999633789062,221.92568969726562,3253000
2025-05-15,229.25,231.4499969482422,227.69000244140625,230.85000610351562,224.3651885986328,2607600
2025-05-16,231.3300018310547,231.97000122070312,230.1199951171875,231.4199981689453,224.91917419433594,2006800
2025-05-19,229.0800018310547,230.07000732421875,228.16000366210938,229.5,223.05311584472656,2509400
2025-05-20,228.64999389648438,229.88999938964844,227.80999755859375,228.3300018310547,221.91600036621094,1982900
2025-05-21,225.6300048828125,226.88999938964844,223.47999572753906,223.6199951171875,217.33828735351562,2183600
2025-05-22,223.36000061035156,224.35000610351562,221.92999267578125,222.8699951171875,216.60935974121094,2848900
2025-05-23,220.1199951171875,223.00999450683594,220.00999450683594,222.11000061035156,215.87069702148438,3227900
2025-05-27,223.66000366210938,224.9600067138672,222.74000549316406,224.35000610351562,218.04779052734375,2613300
2025-05-28,225.0,225.4499969482422,221.9600067138672,222.17999267578125,215.938720703125,3073200
2025-05-29,222.44000244140625,223.58999633789062,219.77000427246094,222.50999450683594,216.25946044921875,2980600
2025-05-30,220.9199981689453,222.57000732421875,220.3000030517578,221.66000366210938,216.7386016845703,4179600
2025-06-02,218.77999877929688,220.0,217.38999938964844,218.88999938964844,214.0300750732422,4587000
2025-06-03,217.83999633789062,222.3699951171875,217.55999755859375,221.77999877929688,216.85592651367188,6229300
2025-06-04,221.85000610351562,222.1699981689453,219.36000061035156,220.8699951171875,215.96612548828125,3976800
2025-06-05,220.9499969482422,221.75999450683594,219.39999389648438,220.64999389648438,215.75100708007812,3084600
2025-06-06,222.97000122070312,224.16000366210938,222.14999389648438,223.42999267578125,218.4692840576172,2953400
2025-06-09,223.97000122070312,225.25999450683594,223.25,224.13999938964844,219.1635284423828,3128500
2025-06-10,224.5,229.1999969482422,223.36000061035156,226.60000610351562,221.56890869140625,3122200
2025-06-11,227.02000427246094,227.02000427246094,224.6300048828125,225.72000122070312,220.7084503173828,2655100
2025-06-12,224.57000732421875,225.49000549316406,223.50999450683594,225.49000549316406,220.4835662841797,1939200
2025-06-13,223.67999267578125,225.47000122070312,222.77000427246094,223.3699951171875,218.41061401367188,1670100
2025-06-16,224.0399932861328,226.19000244140625,223.77000427246094,224.64999389648438,219.6621856689453,2659500
2025-06-17,223.77000427246094,224.00999450683594,219.64999389648438,220.58999633789062,215.69235229492188,2767900
2025-06-18,220.97999572753906,222.13999938964844,220.25,222.00999450683594,217.080810546875,2414500
2025-06-20,222.61000061035156,223.77999877929688,221.2100067138672,222.50999450683594,217.56971740722656,4274300
2025-06-23,222.42999267578125,225.97000122070312,221.82000732421875,225.8800048828125,220.86489868164062,2665300
2025-06-24,227.5500030517578,228.02999877929688,225.83999633789062,227.91000366210938,222.84982299804688,2777100
2025-06-25,226.91000366210938,227.0,225.47000122070312,226.80999755859375,221.7742462158203,2005400
2025-06-26,227.4199981689453,230.24000549316406,226.8699951171875,229.38999938964844,224.29698181152344,2960200
2025-06-27,229.07000732421875,231.67999267578125,229.07000732421875,231.41000366210938,226.27212524414062,7430700
2025-06-30,230.94000244140625,232.0,229.80999755859375,230.0800018310547,224.9716339111328,3579000
2025-07-01,229.6199951171875,237.11000061035156,229.42999267578125,235.57000732421875,230.3397674560547,2687500
2025-07-02,236.25999450683594,237.41000366210938,234.50999450683594,237.16000366210938,231.89443969726562,1752100
2025-07-03,237.69000244140625,239.19000244140625,236.27999877929688,236.27999877929688,231.0339813232422,1327600
2025-07-07,235.72999572753906,237.50999450683594,233.8300018310547,235.35000610351562,230.1246337890625,2580900
2025-07-08,235.0500030517578,238.86000061035156,234.30999755859375,236.5399932861328,231.2882080078125,2574300
2025-07-09,237.3300018310547,238.47999572753906,236.1999969482422,236.49000549316406,231.23934936523438,2432800
2025-07-10,237.1699981689453,240.74000549316406,235.58999633789062,237.0,231.7379913330078,2630100
2025-07-11,235.6199951171875,236.2899932861328,234.07000732421875,235.10000610351562,229.8802032470703,3211700
2025-07-14,234.0800018310547,234.86000061035156,231.39999389648438,233.30999755859375,228.1299285888672,1973400
2025-07-15,233.0399932861328,234.00999450683594,231.0399932861328,231.13999938964844,226.00811767578125,2419300
2025-07-16,232.0,232.94000244140625,229.6999969482422,231.17999267578125,226.04721069335938,2356500
2025-07-17,227.5,230.33999633789062,226.75,227.49000549316406,222.43914794921875,5211300
2025-07-18,228.4199981689453,228.4199981689453,222.33999633789062,224.8699951171875,219.87730407714844,5794500
2025-07-21,225.97000122070312,227.32000732421875,224.9199981689453,225.85000610351562,220.83555603027344,2814100
2025-07-22,226.77999877929688,230.52999877929688,226.0,229.24000549316406,224.15029907226562,3806300
2025-07-23,229.44000244140625,231.16000366210938,227.30999755859375,231.0,225.87123107910156,3740100
2025-07-24,226.0,230.66000366210938,219.2100067138672,220.52000427246094,215.6239013671875,9784100
2025-07-25,223.0800018310547,226.27999877929688,221.1699981689453,224.74000549316406,219.75021362304688,8254700
2025-07-28,225.22000122070312,230.97000122070312,224.82000732421875,229.24000549316406,224.15029907226562,6858400
2025-07-29,226.38999938964844,230.3800048828125,219.1300048828125,223.77000427246094,218.8017578125,19091000
2025-07-30,225.85000610351562,226.57000732421875,222.50999450683594,225.27999877929688,220.27821350097656,8361200
2025-07-31,222.47999572753906,223.77999877929688,220.8000030517578,221.97000122070312,217.04173278808594,5546800
2025-08-01,220.5500030517578,220.8300018310547,218.6300048828125,219.39999389648438,214.52877807617188,4637300
2025-08-04,219.8699951171875,223.39999389648438,219.6300048828125,222.05999755859375,217.1297149658203,4181100
2025-08-05,222.72999572753906,223.39999389648438,221.58999633789062,222.97000122070312,218.01951599121094,2430000
2025-08-06,223.8699951171875,226.2899932861328,222.4199981689453,225.4600067138672,220.4542236328125,3135700
2025-08-07,227.1699981689453,228.41000366210938,222.10000610351562,222.66000366210938,217.71640014648438,3113700
2025-08-08,222.8800048828125,224.4600067138672,222.11000061035156,222.24000549316406,217.30572509765625,2345500
2025-08-11,222.6999969482422,223.77000427246094,218.69000244140625,219.64999389648438,214.773193359375,4419600
2025-08-12,220.30999755859375,221.2100067138672,218.17999267578125,218.8000030517578,213.94210815429688,3224200
2025-08-13,219.44000244140625,223.5,218.52000427246094,223.17999267578125,218.22482299804688,3096800
2025-08-14,222.1699981689453,222.38999938964844,219.3000030517578,221.52000427246094,216.60171508789062,6245600
2025-08-15,223.27000427246094,223.66000366210938,220.41000366210938,220.77999877929688,215.87814331054688,3739200
2025-08-18,220.6999969482422,221.38999938964844,218.91000366210938,220.0800018310547,215.1936798095703,3188400
2025-08-19,220.9199981689453,225.02000427246094,220.05999755859375,223.77000427246094,218.8017578125,4899200
2025-08-20,225.0,226.8800048828125,224.44000244140625,225.67999267578125,220.66934204101562,4521500
2025-08-21,225.47999572753906,226.17999267578125,223.52999877929688,225.3000030517578,220.2977752685547,3435500
2025-08-22,226.69000244140625,231.32000732421875,222.17999267578125,227.85000610351562,222.79115295410156,5317300
2025-08-25,228.22999572753906,228.9499969482422,221.1300048828125,223.32000732421875,218.36172485351562,5993000
2025-08-26,222.55999755859375,222.99000549316406,220.36000061035156,222.74000549316406,217.79461669921875,3758000
2025-08-27,222.5,223.0,220.41000366210938,220.9499969482422,216.0443572998047,3464900
2025-08-28,224.27000427246094,224.86000061035156,220.83999633789062,222.35000610351562,217.4132843017578,6299300
2025-08-29,221.39999389648438,223.7100067138672,221.1999969482422,223.57000732421875,219.971435546875,5012800
2025-09-02,222.2100067138672,222.77000427246094,219.33999633789062,221.99000549316406,218.41685485839844,3955400
2025-09-03,221.4199981689453,222.5,218.75,221.75999450683594,218.1905517578125,5881000
2025-09-04,222.66000366210938,223.47999572753906,220.50999450683594,223.05999755859375,219.4696502685547,3601000
2025-09-05,222.1699981689453,223.1699981689453,218.8699951171875,220.30999755859375,216.76390075683594,4001800
2025-09-08,219.32000732421875,220.10000610351562,216.27000427246094,217.25999450683594,213.76296997070312,4131200
2025-09-09,217.47999572753906,218.6300048828125,215.64999389648438,216.0500030517578,212.57247924804688,3111200
2025-09-10,215.0,216.07000732421875,210.83999633789062,215.19000244140625,211.72630310058594,5004700
2025-09-11,214.77000427246094,216.77999877929688,214.16000366210938,216.0399932861328,212.56263732910156,4126700
2025-09-12,215.17999267578125,216.27999877929688,213.88999938964844,214.91000366210938,211.45082092285156,6207200
2025-09-15,216.00999450683594,217.05999755859375,214.32000732421875,216.25,212.7692413330078,4484400
2025-09-16,218.44000244140625,219.02000427246094,215.44000244140625,216.0,212.5232696533203,4425900
2025-09-17,216.30999755859375,219.6699981689453,216.1300048828125,217.1699981689453,213.6744384765625,4797500
2025-09-18,217.47999572753906,220.5500030517578,216.77999877929688,220.36000061035156,216.81309509277344,4349300
2025-09-19,221.66000366210938,221.66000366210938,219.22000122070312,220.61000061035156,217.05908203125,8632100
2025-09-22,220.64999389648438,229.0,219.25,225.85000610351562,222.21473693847656,8136000
2025-09-23,225.85000610351562,229.0,225.4499969482422,227.97999572753906,224.31044006347656,5183000
2025-09-24,229.3300018310547,232.05999755859375,228.38999938964844,230.36000061035156,226.65213012695312,5925900
2025-09-25,231.0500030517578,232.5,230.47999572753906,232.0,228.26573181152344,6034400
2025-09-26,232.02000427246094,235.5,231.7899932861328,235.1999969482422,231.41424560546875,4940900
2025-09-29,235.75,237.36000061035156,235.08999633789062,236.17999267578125,232.3784637451172,5097300
2025-09-30,237.0,237.0,234.82000732421875,236.3699951171875,232.5653839111328,3797500
2025-10-01,235.9199981689453,237.25,234.0,234.74000549316406,230.96163940429688,3950800
2025-10-02,235.44000244140625,236.99000549316406,233.52000427246094,234.52000427246094,230.74517822265625,3873400
2025-10-03,234.86000061035156,237.74000549316406,234.52000427246094,236.8000030517578,232.9884796142578,3176600
2025-10-06,237.0,238.22999572753906,235.5,237.41000366210938,233.5886688232422,3261100
2025-10-07,237.77999877929688,238.22000122070312,231.25999450683594,231.86000061035156,228.12799072265625,3024100
2025-10-08,230.17999267578125,233.74000549316406,229.22000122070312,232.64999389648438,228.90525817871094,3580300
2025-10-09,232.74000549316406,233.47999572753906,230.1199951171875,231.5399932861328,227.81312561035156,2331300
2025-10-10,232.5500030517578,233.86000061035156,225.22000122070312,225.4499969482422,221.82115173339844,2762700
2025-10-13,226.72999572753906,227.41000366210938,224.82000732421875,225.85000610351562,222.21473693847656,2079700
2025-10-14,223.9199981689453,227.85000610351562,223.3300018310547,227.0800018310547,223.4249267578125,2306200
2025-10-15,227.13999938964844,228.0,224.58999633789062,225.72000122070312,222.08682250976562,2483700
2025-10-16,226.27000427246094,227.5,223.22000122070312,224.0399932861328,220.43385314941406,2971200
2025-10-17,225.11000061035156,228.6699981689453,224.82000732421875,226.0399932861328,222.40167236328125,3237300
2025-10-20,226.66000366210938,229.2100067138672,225.8000030517578,227.3000030517578,223.64137268066406,2922100
2025-10-21,226.2899932861328,228.14999389648438,225.4199981689453,226.5399932861328,222.89361572265625,2727700
2025-10-22,226.99000549316406,228.85000610351562,225.2100067138672,225.24000549316406,221.6145477294922,3756800
2025-10-23,223.27999877929688,225.94000244140625,219.10000610351562,220.0399932861328,216.4982452392578,5148500
2025-10-24,220.50999450683594,221.27000427246094,216.0,216.61000061035156,213.1234588623047,4128600
2025-10-27,218.1999969482422,218.92999267578125,216.39999389648438,218.22999572753906,214.71739196777344,4692000
2025-10-28,218.36000061035156,220.91000366210938,217.55999755859375,217.58999633789062,214.08767700195312,2782500
2025-10-29,216.63999938964844,218.16000366210938,215.52999877929688,216.3699951171875,212.88731384277344,3587900
2025-10-30,216.0500030517578,220.3000030517578,215.6999969482422,218.8300018310547,215.30770874023438,2806900
2025-10-31,217.5,220.99000549316406,216.33999633789062,220.3699951171875,216.8229217529297,2586300
2025-11-03,219.94000244140625,221.0,218.02999877929688,218.82000732421875,215.2978973388672,3552700
2025-11-04,218.61000061035156,221.1300048828125,217.4600067138672,220.91000366210938,217.354248046875,2737800
2025-11-05,219.75,221.33999633789062,217.27999877929688,217.3800048828125,213.88107299804688,2707600
2025-11-06,216.92999267578125,218.55999755859375,216.32000732421875,217.99000549316406,214.4812469482422,3429800
2025-11-07,219.22000122070312,221.67999267578125,218.1999969482422,221.47999572753906,217.91506958007812,3735400
2025-11-10,221.05999755859375,224.63999938964844,220.74000549316406,223.8800048828125,220.2764434814453,4095300
2025-11-11,224.5,224.89999389648438,223.44000244140625,224.8000030517578,221.18162536621094,2698000
2025-11-12,224.8000030517578,227.05999755859375,223.50999450683594,223.5500030517578,219.95175170898438,1945700
2025-11-13,222.38999938964844,223.6199951171875,220.9499969482422,221.47999572753906,217.91506958007812,2682200
2025-11-14,221.72000122070312,224.22999572753906,220.4199981689453,223.02000427246094,219.43028259277344,2886400
2025-11-17,222.85000610351562,223.69000244140625,220.8699951171875,221.0,217.4427947998047,2921100
2025-11-18,221.7100067138672,221.97000122070312,219.88999938964844,220.82000732421875,217.2657012939453,3863100
2025-11-19,221.30999755859375,221.99000549316406,219.97000122070312,221.1699981689453,217.6100616455078,3396500
2025-11-20,221.55999755859375,223.47999572753906,220.4499969482422,221.2100067138672,217.64942932128906,3955100
2025-11-21,222.32000732421875,227.44000244140625,221.69000244140625,226.22000122070312,222.5787811279297,3595600
2025-11-24,226.58999633789062,226.58999633789062,222.5,224.5,220.88645935058594,4483200
2025-11-25,225.74000549316406,229.4499969482422,225.25999450683594,229.1300048828125,225.4419403076172,2582500
2025-11-26,229.0,231.8300018310547,228.42999267578125,230.66000366210938,226.9473114013672,3233700
2025-11-28,230.92999267578125,232.4600067138672,230.47000122070312,231.8300018310547,228.09848022460938,1207600
2025-12-01,231.4600067138672,234.1199951171875,231.13999938964844,231.36000061035156,227.6360321044922,3463000
2025-12-02,231.58999633789062,233.80999755859375,229.3699951171875,232.24000549316406,228.5018768310547,5190100
2025-12-03,232.77999877929688,235.86000061035156,232.33999633789062,235.22999572753906,231.44374084472656,3576500
2025-12-04,235.72000122070312,237.72000122070312,234.32000732421875,237.2899932861328,233.4705810546875,3162200
2025-12-05,235.75999450683594,237.07000732421875,234.97999572753906,235.30999755859375,232.87680053710938,2494700
2025-12-08,234.77000427246094,237.36000061035156,234.1300048828125,235.44000244140625,233.0054473876953,2461800
2025-12-09,234.16000366210938,234.77000427246094,231.5,231.55999755859375,229.1655731201172,3785200
2025-12-10,232.00999450683594,236.77000427246094,231.85000610351562,235.4600067138672,233.02525329589844,4938300
2025-12-11,233.8000030517578,236.1999969482422,232.72999572753906,236.1199951171875,233.6784210205078,2888600
2025-12-12,235.80999755859375,239.99000549316406,235.22999572753906,239.9499969482422,237.4688262939453,2928000
2025-12-15,240.0,241.1699981689453,238.13999938964844,240.47000122070312,237.9834442138672,3289100
2025-12-16,241.52000427246094,241.52000427246094,235.16000366210938,235.8800048828125,233.44090270996094,2755700
2025-12-17,235.2899932861328,237.94000244140625,234.52999877929688,236.74000549316406,234.29202270507812,2530100
2025-12-18,236.8000030517578,238.00999450683594,234.0800018310547,234.4199981689453,231.99600219726562,3053400
2025-12-19,234.4199981689453,235.5,232.0399932861328,234.22999572753906,231.80796813964844,4721900
2025-12-22,234.74000549316406,235.22000122070312,232.50999450683594,234.61000061035156,232.1840362548828,2095600
2025-12-23,234.67999267578125,235.22999572753906,233.25,234.14999389648438,231.72879028320312,1980700
2025-12-24,233.82000732421875,235.47000122070312,233.82000732421875,235.0500030517578,232.61949157714844,921900
2025-12-26,234.66000366210938,234.94000244140625,232.72999572753906,233.44000244140625,231.02613830566406,902500
2025-12-29,233.44000244140625,234.66000366210938,233.08999633789062,234.52999877929688,232.1048583984375,1554100
2025-12-30,233.97999572753906,234.6300048828125,232.9199981689453,233.05999755859375,230.65005493164062,1884300
2025-12-31,233.13999938964844,233.49000549316406,231.1699981689453,231.32000732421875,228.92807006835938,1768600
2026-01-02,231.35000610351562,232.72000122070312,229.63999938964844,231.91000366210938,229.511962890625,2569900
2026-01-05,231.02000427246094,234.44000244140625,230.05999755859375,231.97000122070312,229.57135009765625,2560800
2026-01-06,231.49000549316406,234.27999877929688,231.1999969482422,233.6199951171875,231.2042694091797,2240400
2026-01-07,233.89999389648438,235.25,224.4600067138672,224.47999572753906,222.15878295898438,4476700
2026-01-08,224.49000549316406,230.97000122070312,224.32000732421875,229.85000610351562,227.4732666015625,2198200
2026-01-09,230.61000061035156,231.4600067138672,226.86000061035156,228.44000244140625,226.0778350830078,2620800
2026-01-12,226.00999450683594,229.69000244140625,225.0,229.5,227.1268768310547,3279400
2026-01-13,230.24000549316406,230.75999450683594,227.80999755859375,229.2899932861328,226.91903686523438,2249700
2026-01-14,227.3300018310547,230.3800048828125,225.85000610351562,227.13999938964844,224.79129028320312,3015200
2026-01-15,227.77999877929688,230.75999450683594,227.00999450683594,230.50999450683594,228.1264190673828,2426800
2026-01-16,230.02999877929688,231.9199981689453,228.91000366210938,229.49000549316406,227.1169891357422,3863400
2026-01-20,224.6300048828125,228.0,219.97999572753906,221.69000244140625,219.39764404296875,6026700
2026-01-21,223.47000122070312,229.92999267578125,223.14999389648438,229.38999938964844,227.0180206298828,3477800
2026-01-22,229.47000122070312,232.85000610351562,229.2899932861328,231.3699951171875,228.9775390625,3785800
2026-01-23,231.9199981689453,233.67999267578125,229.30999755859375,229.64999389648438,227.2753143310547,3189000
2026-01-26,229.85000610351562,232.27999877929688,229.38999938964844,230.88999938964844,228.50250244140625,4165200
2026-01-27,235.0,236.8800048828125,229.1699981689453,232.5500030517578,230.1453399658203,5212400
2026-01-28,231.75,234.3300018310547,227.6300048828125,227.7100067138672,225.3553924560547,4248100
2026-01-29,229.86000061035156,233.77000427246094,227.89999389648438,233.5800018310547,231.16468811035156,3539900
2026-01-30,232.47000122070312,235.3699951171875,230.64999389648438,235.10000610351562,232.66897583007812,3841100
2026-02-02,234.88999938964844,235.74000549316406,230.72999572753906,235.22999572753906,232.79762268066406,5532400
2026-02-03,234.80999755859375,242.24000549316406,234.0,241.49000549316406,238.99290466308594,4636700
2026-02-04,242.5399932861328,251.66000366210938,242.5399932861328,249.75999450683594,247.17738342285156,5382000
2026-02-05,250.6699981689453,252.1300048828125,248.50999450683594,251.4499969482422,248.8498992919922,4418600
2026-02-06,251.88999938964844,253.2899932861328,249.83999633789062,252.6199951171875,250.00779724121094,4345000
2026-02-09,251.7100067138672,254.94000244140625,249.07000732421875,254.33999633789062,251.7100067138672,3412100
2026-02-10,254.83999633789062,261.54998779296875,254.08999633789062,261.32000732421875,258.61785888671875,4828100
2026-02-11,262.2900085449219,263.9200134277344,260.80999755859375,262.80999755859375,260.0924377441406,4634600
2026-02-12,264.44000244140625,265.3699951171875,259.6499938964844,261.7699890136719,259.0632019042969,5965900
2026-02-13,260.8500061035156,263.0400085449219,258.1600036621094,260.67999267578125,257.98443603515625,3976700
2026-02-17,260.989990234375,264.1600036621094,260.489990234375,262.79998779296875,260.08251953125,3257800
2026-02-18,261.1499938964844,265.07000732421875,260.57000732421875,265.0,262.2597961425781,3266200
2026-02-19,265.25,265.6400146484375,262.1099853515625,262.9700012207031,260.25079345703125,3243200
2026-02-20,262.69000244140625,267.1700134277344,261.5299987792969,266.1000061035156,263.3484191894531,3374900
2026-02-23,266.1600036621094,267.80999755859375,262.6000061035156,263.760009765625,261.0326232910156,2758900
2026-02-24,263.7900085449219,267.25,263.7900085449219,266.6600036621094,263.90264892578125,2385400
2026-02-25,266.8500061035156,267.8800048828125,261.5199890136719,264.25,261.5175476074219,3540000
2026-02-26,264.95001220703125,266.6000061035156,263.8299865722656,265.45001220703125,262.7051696777344,3821900
2026-02-27,262.7900085449219,266.3800048828125,261.5400085449219,264.9800109863281,263.6104431152344,3819800
2026-03-02,264.9800109863281,268.1400146484375,262.3299865722656,266.9700012207031,265.59014892578125,2687500
2026-03-03,263.54998779296875,265.9200134277344,258.5799865722656,265.8399963378906,264.4659729003906,3146100
2026-03-04,266.2200012207031,266.9800109863281,262.2699890136719,266.70001220703125,265.3215637207031,2327600
2026-03-05,265.0899963378906,266.8900146484375,259.3299865722656,260.20001220703125,258.85516357421875,3137600
2026-03-06,259.8999938964844,259.8999938964844,252.0,254.11000061035156,252.79661560058594,4099100
2026-03-09,251.25,254.67999267578125,247.64999389648438,253.61000061035156,252.29920959472656,2863900
2026-03-10,252.57000732421875,254.52000427246094,249.92999267578125,250.2100067138672,248.91677856445312,2320000
2026-03-11,250.2100067138672,251.30999755859375,246.5500030517578,251.11000061035156,249.81211853027344,2228300
2026-03-12,248.25999450683594,248.80999755859375,243.25,244.10000610351562,242.83836364746094,3028500
2026-03-13,245.66000366210938,246.14999389648438,240.58999633789062,242.44000244140625,241.1869354248047,2785400
2026-03-16,245.1699981689453,245.6199951171875,241.92999267578125,242.2100067138672,240.9581298828125,2218000
2026-03-17,245.2100067138672,245.75,240.2899932861328,242.32000732421875,241.06756591796875,2465600
2026-03-18,241.5800018310547,242.42999267578125,236.0399932861328,236.57000732421875,235.34727478027344,2974200
2026-03-19,236.22000122070312,236.3300018310547,231.72000122070312,234.17999267578125,232.96961975097656,3514400
2026-03-20,234.39999389648438,236.1300048828125,233.0399932861328,234.9199981689453,233.70579528808594,5047600
2026-03-23,239.27000427246094,240.97000122070312,237.60000610351562,238.3699951171875,237.13796997070312,2434100
2026-03-24,237.0399932861328,241.74000549316406,235.49000549316406,239.6699981689453,238.43124389648438,2481600
2026-03-25,241.5399932861328,242.41000366210938,238.5800018310547,241.3300018310547,240.08267211914062,2800600
2026-03-26,239.35000610351562,241.58999633789062,238.27999877929688,239.19000244140625,237.9537353515625,2225700
2026-03-27,238.6199951171875,241.16000366210938,238.3000030517578,238.7899932861328,237.5557861328125,2675000
2026-03-30,241.64999389648438,242.4499969482422,238.86000061035156,239.22999572753906,237.99351501464844,2770500
2026-03-31,240.7899932861328,243.72999572753906,238.1300048828125,242.6199951171875,241.36599731445312,4177200
2026-04-01,243.1300048828125,246.1300048828125,242.0,243.1199951171875,241.86341857910156,2444500
2026-04-02,240.47999572753906,244.8300018310547,240.0,244.7100067138672,243.44520568847656,2327900
2026-04-06,243.42999267578125,245.8800048828125,242.60000610351562,245.5399932861328,244.27090454101562,1450900
2026-04-07,244.92999267578125,246.75,243.3300018310547,246.11000061035156,244.8379669189453,2878900
2026-04-08,250.49000549316406,252.6199951171875,247.02000427246094,249.11000061035156,247.8224639892578,3297300
2026-04-09,249.00999450683594,252.1300048828125,248.10000610351562,251.14999389648438,249.85191345214844,2999100
2026-04-10,251.0,252.22999572753906,249.27000427246094,250.50999450683594,249.21522521972656,2431600
2026-04-13,251.0,251.97999572753906,248.6699981689453,251.33999633789062,250.04092407226562,1590900
2026-04-14,251.10000610351562,252.72999572753906,249.05999755859375,252.0399932861328,250.7373046875,2264700
2026-04-15,251.83999633789062,252.02000427246094,246.99000549316406,248.02999877929688,246.748046875,2971200
2026-04-16,247.4600067138672,251.3000030517578,246.8800048828125,251.07000732421875,249.7723388671875,2639000
2026-04-17,252.44000244140625,256.0899963378906,250.97999572753906,251.13999938964844,249.8419647216797,4482800
2026-04-20,251.38999938964844,253.5800018310547,248.82000732421875,252.17999267578125,250.8765869140625,2637200
2026-04-21,253.52000427246094,253.52000427246094,248.5,251.25,249.95140075683594,3233000
2026-04-22,253.24000549316406,254.75999450683594,248.91000366210938,249.39999389648438,248.1109619140625,3844700
2026-04-23,262.760009765625,271.260009765625,255.0,271.260009765625,269.8580017089844,8477300
2026-04-24,272.8800048828125,274.7900085449219,268.3999938964844,268.70001220703125,267.31121826171875,3565700
2026-04-27,269.45001220703125,270.82000732421875,265.760009765625,268.9100036621094,267.5201416015625,2829300
2026-04-28,271.42999267578125,271.5199890136719,266.9200134277344,267.739990234375,266.3561706542969,2703900
2026-04-29,266.82000732421875,267.79998779296875,263.1000061035156,264.7799987792969,263.4114685058594,3243900
2026-04-30,264.3399963378906,270.2300109863281,263.20001220703125,269.4800109863281,268.0871887207031,3317000
2026-05-01,269.760009765625,269.760009765625,265.9800109863281,266.32000732421875,264.9435119628906,2069200
2026-05-04,265.70001220703125,266.80999755859375,261.9599914550781,263.4100036621094,262.0485534667969,2778000
2026-05-05,264.3999938964844,265.05999755859375,261.94000244140625,264.010009765625,262.64544677734375,1768000
2026-05-06,265.44000244140625,270.2799987792969,265.1199951171875,268.2300109863281,266.8436584472656,3019900
2026-05-07,268.1499938964844,268.8299865722656,264.1000061035156,264.8900146484375,263.5209045410156,2032500
2026-05-08,264.1300048828125,266.20001220703125,262.9100036621094,264.6499938964844,263.2821350097656,1787800
2026-05-11,265.6300048828125,267.0,263.3399963378906,263.3500061035156,261.9888610839844,1609700
2026-05-12,264.45001220703125,266.9800109863281,261.0400085449219,265.6000061035156,264.22723388671875,2542400
2026-05-13,265.1700134277344,268.5899963378906,263.8399963378906,264.6499938964844,263.2821350097656,1866400
2026-05-14,265.3699951171875,269.42999267578125,263.67999267578125,269.3399963378906,267.9479064941406,3947000
2026-05-15,269.0,270.7200012207031,267.1199951171875,270.55999755859375,269.1615905761719,3314100
2026-05-18,271.0,276.3999938964844,269.57000732421875,275.1300048828125,273.7079772949219,3197000
2026-05-19,273.5,275.4800109863281,271.1700134277344,271.55999755859375,270.15643310546875,2578700
2026-05-20,269.9700012207031,274.6300048828125,264.69000244140625,265.79998779296875,264.4261779785156,3795100
2026-05-21,264.9800109863281,268.6400146484375,263.9200134277344,265.44000244140625,264.06805419921875,2308800
2026-05-22,265.8500061035156,268.3900146484375,264.44000244140625,265.8800048828125,264.50579833984375,2597300
2026-05-26,266.2200012207031,272.6600036621094,266.1499938964844,271.1000061035156,269.6988220214844,3092300
2026-05-27,272.57000732421875,279.70001220703125,272.57000732421875,279.3900146484375,277.94598388671875,4045800
2026-05-28,275.6600036621094,276.2900085449219,264.8399963378906,267.0,265.6199951171875,6081800
2026-05-29,264.2900085449219,269.010009765625,259.510009765625,262.6400146484375,262.6400146484375,6342500
